project_type,project_type_encoded,size_sqm,num_workers,location,location_encoded,materials,materials_encoded,complexity,budget_tnd,requested_duration,realistic_duration,artisan_experience,season,season_encoded,weather_risk,delay_risk_score,delay_risk,is_delayed
house,0,206.0,5,rural,0,premium,2,1.7,157040,27,26,2.8,summer,2,0.1,0.091,LOW,0
renovation,1,437.1,4,rural,0,basic,0,1.6,131923,59,15,14.6,winter,0,0.8,0.146,LOW,0
house,0,115.5,5,urban,2,standard,1,3.5,124272,114,18,0.8,winter,0,0.8,0.335,LOW,0
house,0,51.9,4,rural,0,basic,0,2.5,93934,53,5,9.5,spring,1,0.1,0.0,LOW,1
house,0,249.4,5,urban,2,basic,0,3.4,38252,45,32,0.7,autumn,3,0.3,0.368,MEDIUM,1
renovation,1,211.1,2,suburban,1,premium,2,1.4,138425,117,12,10.4,summer,2,0.1,0.082,LOW,1
house,0,111.5,1,rural,0,premium,2,2.0,134192,8,32,6.7,autumn,3,0.3,0.522,MEDIUM,1
commercial,2,44.7,2,suburban,1,basic,0,4.1,188202,68,9,13.9,spring,1,0.1,0.205,LOW,0
commercial,2,298.1,4,rural,0,basic,0,1.2,68439,86,14,11.3,autumn,3,0.3,0.038,LOW,0
house,0,483.7,4,suburban,1,standard,1,3.2,32480,21,77,2.9,summer,2,0.1,0.713,HIGH,1
house,0,229.0,1,urban,2,standard,1,1.8,6077,17,43,3.4,winter,0,0.8,0.972,HIGH,1
landscaping,3,401.4,3,rural,0,premium,2,1.3,74901,47,16,13.8,summer,2,0.1,0.13,LOW,0
commercial,2,74.8,7,urban,2,basic,0,2.2,68411,105,5,9.1,winter,0,0.8,0.085,LOW,0
house,0,210.0,7,urban,2,basic,0,3.9,153353,96,22,3.9,summer,2,0.1,0.161,LOW,0
house,0,364.0,2,rural,0,basic,0,1.1,26039,69,19,13.5,autumn,3,0.3,0.125,LOW,0
commercial,2,356.9,5,suburban,1,premium,2,2.0,85025,49,51,3.4,summer,2,0.1,0.249,LOW,0
renovation,1,356.5,4,suburban,1,standard,1,4.7,162583,63,60,2.0,spring,1,0.1,0.251,LOW,0
commercial,2,225.8,6,urban,2,premium,2,3.2,162451,98,36,5.7,winter,0,0.8,0.261,LOW,0
renovation,1,334.4,1,urban,2,premium,2,4.3,172842,109,134,2.9,spring,1,0.1,0.617,HIGH,1
renovation,1,257.9,1,suburban,1,standard,1,1.5,70835,85,30,2.9,summer,2,0.1,0.154,LOW,0
renovation,1,219.8,6,urban,2,standard,1,4.9,192677,45,19,7.7,winter,0,0.8,0.19,LOW,0
renovation,1,47.3,1,rural,0,standard,1,4.9,85152,93,20,4.5,autumn,3,0.3,0.462,MEDIUM,0
commercial,2,98.1,4,rural,0,basic,0,2.8,112814,74,17,1.7,summer,2,0.1,0.184,LOW,0
renovation,1,407.5,5,urban,2,standard,1,3.5,128538,17,27,12.3,autumn,3,0.3,0.54,MEDIUM,0
landscaping,3,268.9,5,rural,0,standard,1,4.4,68562,42,37,0.7,spring,1,0.1,0.362,MEDIUM,0
renovation,1,333.2,4,urban,2,premium,2,4.8,82527,45,43,14.1,summer,2,0.1,0.138,LOW,0
landscaping,3,83.3,7,urban,2,standard,1,3.2,140678,13,5,10.1,summer,2,0.1,0.173,LOW,0
renovation,1,278.9,2,rural,0,premium,2,5.0,193257,75,71,13.6,autumn,3,0.3,0.257,LOW,0
house,0,194.1,3,rural,0,basic,0,4.4,83879,39,33,9.8,spring,1,0.1,0.077,LOW,0
renovation,1,452.3,4,urban,2,standard,1,3.3,77595,95,31,10.1,winter,0,0.8,0.031,LOW,0
landscaping,3,287.9,6,suburban,1,premium,2,2.8,198919,106,15,10.8,autumn,3,0.3,0.027,LOW,0
commercial,2,380.9,7,urban,2,basic,0,3.9,65072,54,58,1.9,winter,0,0.8,0.354,MEDIUM,0
commercial,2,144.7,6,urban,2,standard,1,4.9,99915,14,24,9.7,winter,0,0.8,0.689,HIGH,1
commercial,2,266.2,4,suburban,1,basic,0,3.7,173513,67,34,7.7,autumn,3,0.3,0.094,LOW,0
house,0,50.5,4,urban,2,premium,2,4.8,191016,12,11,5.9,summer,2,0.1,0.113,LOW,1
renovation,1,231.2,5,urban,2,basic,0,3.3,196165,69,14,4.9,summer,2,0.1,0.098,LOW,0
renovation,1,258.1,2,rural,0,standard,1,3.2,187550,64,33,14.0,spring,1,0.1,0.0,LOW,0
house,0,345.4,7,urban,2,standard,1,1.6,106074,8,16,5.2,autumn,3,0.3,0.55,MEDIUM,0
house,0,363.2,7,rural,0,standard,1,2.2,162825,105,35,4.2,summer,2,0.1,0.182,LOW,0
renovation,1,32.4,4,rural,0,basic,0,4.2,131743,116,5,12.0,winter,0,0.8,0.308,LOW,0
house,0,206.5,2,urban,2,standard,1,2.8,136045,57,25,7.3,winter,0,0.8,0.089,LOW,0
renovation,1,307.7,6,rural,0,premium,2,2.0,12573,21,22,5.7,autumn,3,0.3,0.255,LOW,0
renovation,1,391.9,4,suburban,1,premium,2,4.9,94167,12,92,1.2,autumn,3,0.3,0.836,HIGH,1
renovation,1,284.1,7,urban,2,premium,2,1.6,30885,112,11,5.2,spring,1,0.1,0.169,LOW,0
commercial,2,236.3,7,suburban,1,premium,2,2.0,40945,68,21,12.6,summer,2,0.1,0.149,LOW,0
landscaping,3,111.4,1,urban,2,standard,1,2.8,51759,54,16,3.2,winter,0,0.8,0.367,MEDIUM,1
renovation,1,272.8,7,rural,0,basic,0,2.7,147358,73,18,4.1,summer,2,0.1,0.131,LOW,0
house,0,36.8,6,urban,2,premium,2,1.4,23361,100,5,12.9,spring,1,0.1,0.101,LOW,0
renovation,1,76.0,5,rural,0,basic,0,2.9,38774,100,5,9.9,winter,0,0.8,0.0,LOW,1
renovation,1,446.7,4,rural,0,basic,0,2.5,127043,64,25,7.8,summer,2,0.1,0.018,LOW,0
house,0,319.5,7,urban,2,basic,0,4.8,174104,38,31,14.1,summer,2,0.1,0.225,LOW,0
landscaping,3,332.3,1,rural,0,premium,2,4.2,165025,18,104,6.1,spring,1,0.1,0.802,HIGH,1
landscaping,3,455.5,4,rural,0,standard,1,2.1,46845,52,33,0.8,autumn,3,0.3,0.149,LOW,0
renovation,1,63.5,5,rural,0,basic,0,4.4,9538,40,7,4.3,autumn,3,0.3,0.379,MEDIUM,1
commercial,2,193.7,3,suburban,1,standard,1,4.5,148339,27,43,14.5,autumn,3,0.3,0.59,MEDIUM,1
house,0,297.2,3,urban,2,premium,2,5.0,85460,88,91,4.1,winter,0,0.8,0.396,MEDIUM,1
house,0,294.1,4,suburban,1,premium,2,2.7,151420,95,48,4.0,summer,2,0.1,0.136,LOW,0
house,0,263.4,1,rural,0,basic,0,2.3,179627,55,77,1.3,spring,1,0.1,0.602,HIGH,1
landscaping,3,428.2,1,rural,0,standard,1,2.3,190262,58,49,8.8,spring,1,0.1,0.136,LOW,0
commercial,2,167.8,1,suburban,1,basic,0,3.2,46482,59,45,12.0,winter,0,0.8,0.288,LOW,0
landscaping,3,262.4,7,urban,2,basic,0,5.0,15895,41,13,13.4,winter,0,0.8,0.5,MEDIUM,0
house,0,97.2,2,rural,0,basic,0,4.3,174039,108,31,1.7,spring,1,0.1,0.4,MEDIUM,0
landscaping,3,416.3,2,suburban,1,standard,1,1.6,105099,44,16,14.8,spring,1,0.1,0.0,LOW,0
landscaping,3,412.0,7,rural,0,basic,0,4.6,120418,42,29,6.0,autumn,3,0.3,0.147,LOW,0
house,0,292.4,3,suburban,1,standard,1,2.0,69399,73,30,4.2,autumn,3,0.3,0.111,LOW,0
commercial,2,378.3,5,suburban,1,premium,2,4.3,150121,9,84,9.0,autumn,3,0.3,0.722,HIGH,1
renovation,1,206.2,1,rural,0,standard,1,1.3,108032,12,18,12.1,spring,1,0.1,0.606,HIGH,1
house,0,291.3,7,urban,2,premium,2,4.6,107902,81,44,13.8,winter,0,0.8,0.281,LOW,0
commercial,2,65.5,7,rural,0,basic,0,3.5,140671,37,7,14.9,autumn,3,0.3,0.169,LOW,0
renovation,1,376.4,3,rural,0,premium,2,2.1,190330,78,37,6.2,winter,0,0.8,0.051,LOW,0
renovation,1,109.7,4,rural,0,premium,2,2.9,73904,56,14,4.4,winter,0,0.8,0.202,LOW,0
renovation,1,243.0,7,suburban,1,basic,0,3.1,65358,90,11,9.2,spring,1,0.1,0.064,LOW,0
house,0,65.8,6,urban,2,basic,0,4.8,146515,53,6,13.8,autumn,3,0.3,0.097,LOW,1
commercial,2,289.2,5,suburban,1,basic,0,1.1,78410,71,10,7.5,summer,2,0.1,0.107,LOW,0
renovation,1,382.3,1,suburban,1,standard,1,4.9,169213,83,164,1.4,spring,1,0.1,0.767,HIGH,1
commercial,2,92.9,5,suburban,1,standard,1,1.2,173621,87,5,8.2,winter,0,0.8,0.13,LOW,1
house,0,305.0,5,suburban,1,premium,2,4.8,170681,23,81,4.0,winter,0,0.8,0.721,HIGH,1
house,0,148.2,5,urban,2,basic,0,3.4,49585,119,11,11.5,summer,2,0.1,0.0,LOW,0
renovation,1,40.4,2,suburban,1,basic,0,3.1,155602,56,5,12.9,spring,1,0.1,0.07,LOW,0
commercial,2,442.0,1,suburban,1,basic,0,3.4,98609,29,124,11.4,autumn,3,0.3,0.604,HIGH,1
commercial,2,360.9,3,urban,2,premium,2,4.6,125366,104,115,5.6,winter,0,0.8,0.298,LOW,0
commercial,2,235.6,7,urban,2,basic,0,3.9,111752,103,23,11.9,spring,1,0.1,0.089,LOW,0
commercial,2,435.3,5,rural,0,basic,0,4.2,94573,23,70,7.6,spring,1,0.1,0.512,MEDIUM,1
commercial,2,490.6,5,suburban,1,premium,2,2.4,45781,49,81,4.0,spring,1,0.1,0.575,MEDIUM,0
commercial,2,90.2,7,rural,0,premium,2,2.6,141045,10,18,3.1,summer,2,0.1,0.579,MEDIUM,1
landscaping,3,252.8,5,suburban,1,basic,0,4.9,122377,57,25,1.1,winter,0,0.8,0.364,MEDIUM,0
landscaping,3,113.2,5,suburban,1,basic,0,3.2,109213,18,6,3.5,winter,0,0.8,0.203,LOW,0
commercial,2,354.5,1,rural,0,premium,2,1.4,98823,92,123,1.7,summer,2,0.1,0.635,HIGH,1
renovation,1,462.8,5,urban,2,standard,1,1.0,174319,14,9,11.3,autumn,3,0.3,0.0,LOW,0
house,0,204.1,6,rural,0,basic,0,1.9,153191,84,11,7.2,spring,1,0.1,0.059,LOW,0
house,0,148.6,7,suburban,1,premium,2,3.7,169666,113,20,8.2,spring,1,0.1,0.081,LOW,0
landscaping,3,280.3,7,rural,0,basic,0,1.4,148794,34,8,0.8,summer,2,0.1,0.224,LOW,0
commercial,2,183.9,4,rural,0,standard,1,1.9,71871,31,18,10.3,spring,1,0.1,0.068,LOW,0
renovation,1,70.9,7,urban,2,basic,0,3.9,113760,46,5,6.8,summer,2,0.1,0.036,LOW,0
landscaping,3,200.6,2,urban,2,premium,2,3.4,52649,65,19,14.8,spring,1,0.1,0.131,LOW,0
renovation,1,77.8,6,rural,0,basic,0,2.5,100123,100,5,3.2,autumn,3,0.3,0.087,LOW,0
house,0,451.5,7,rural,0,premium,2,1.2,8557,107,24,14.7,summer,2,0.1,0.282,LOW,0
landscaping,3,485.7,4,urban,2,premium,2,1.0,195138,100,14,3.0,spring,1,0.1,0.194,LOW,1
commercial,2,291.7,2,rural,0,premium,2,2.1,155051,76,59,14.5,winter,0,0.8,0.172,LOW,0
landscaping,3,376.0,4,rural,0,standard,1,1.5,124071,70,17,1.8,spring,1,0.1,0.211,LOW,1
renovation,1,180.7,3,suburban,1,standard,1,1.2,70638,16,5,8.5,summer,2,0.1,0.02,LOW,0
renovation,1,351.7,4,rural,0,basic,0,2.0,137893,23,24,2.2,spring,1,0.1,0.105,LOW,0
landscaping,3,403.3,7,suburban,1,standard,1,4.7,166971,114,29,6.4,winter,0,0.8,0.367,MEDIUM,1
commercial,2,126.4,3,suburban,1,premium,2,1.3,149519,28,16,1.2,autumn,3,0.3,0.336,LOW,1
commercial,2,382.7,4,rural,0,basic,0,1.7,37032,11,35,3.9,summer,2,0.1,0.537,MEDIUM,1
renovation,1,178.6,2,urban,2,standard,1,2.6,164237,45,13,10.8,winter,0,0.8,0.16,LOW,0
house,0,283.7,7,urban,2,standard,1,3.0,50281,103,24,6.2,summer,2,0.1,0.116,LOW,0
commercial,2,137.6,7,suburban,1,premium,2,1.5,188267,13,9,11.1,winter,0,0.8,0.219,LOW,0
landscaping,3,443.0,1,urban,2,basic,0,3.1,179309,42,41,15.0,summer,2,0.1,0.21,LOW,0
house,0,395.9,1,urban,2,standard,1,1.1,116128,16,33,7.7,winter,0,0.8,0.631,HIGH,1
renovation,1,78.4,5,suburban,1,standard,1,1.4,170058,94,5,9.3,winter,0,0.8,0.08,LOW,0
commercial,2,258.6,4,urban,2,standard,1,3.9,145407,101,39,9.2,winter,0,0.8,0.143,LOW,0
commercial,2,311.5,4,urban,2,standard,1,1.7,182148,44,28,3.8,autumn,3,0.3,0.115,LOW,0
commercial,2,319.0,2,suburban,1,premium,2,3.3,103648,95,112,4.2,summer,2,0.1,0.455,MEDIUM,1
renovation,1,78.0,4,rural,0,standard,1,4.2,9489,112,9,11.7,autumn,3,0.3,0.255,LOW,0
renovation,1,66.3,6,urban,2,premium,2,4.7,185486,29,11,2.3,summer,2,0.1,0.257,LOW,0
landscaping,3,117.6,7,urban,2,basic,0,4.7,174630,61,7,3.8,summer,2,0.1,0.332,LOW,0
commercial,2,379.8,2,rural,0,standard,1,4.2,5903,47,179,2.2,summer,2,0.1,0.893,HIGH,1
landscaping,3,435.9,6,suburban,1,standard,1,2.4,72656,40,15,13.8,spring,1,0.1,0.027,LOW,0
landscaping,3,459.0,6,urban,2,basic,0,1.7,102182,76,13,1.0,winter,0,0.8,0.242,LOW,0
commercial,2,160.5,2,urban,2,premium,2,1.1,134390,77,12,14.6,summer,2,0.1,0.052,LOW,0
house,0,434.5,7,rural,0,premium,2,5.0,102928,7,119,5.0,summer,2,0.1,0.739,HIGH,1
renovation,1,230.6,3,rural,0,basic,0,2.4,96305,55,22,1.0,winter,0,0.8,0.274,LOW,0
house,0,60.9,6,rural,0,standard,1,3.9,107891,98,8,7.5,winter,0,0.8,0.129,LOW,0
landscaping,3,78.4,5,suburban,1,premium,2,1.3,151883,16,5,4.4,spring,1,0.1,0.189,LOW,0
landscaping,3,41.9,4,suburban,1,standard,1,4.4,174064,14,5,0.9,spring,1,0.1,0.304,LOW,0
renovation,1,345.8,5,urban,2,premium,2,3.4,71158,107,41,3.1,winter,0,0.8,0.311,LOW,0
house,0,76.7,6,suburban,1,basic,0,3.4,162336,22,7,6.3,spring,1,0.1,0.094,LOW,0
landscaping,3,167.8,2,rural,0,premium,2,1.1,21674,29,6,12.8,spring,1,0.1,0.0,LOW,1
house,0,332.2,2,suburban,1,basic,0,4.6,164401,26,72,5.4,autumn,3,0.3,0.645,HIGH,1
commercial,2,200.6,7,suburban,1,premium,2,2.1,126709,44,19,11.7,autumn,3,0.3,0.103,LOW,1
landscaping,3,133.2,2,rural,0,premium,2,4.1,32322,80,20,8.7,autumn,3,0.3,0.327,LOW,0
landscaping,3,115.6,2,suburban,1,basic,0,1.1,57392,46,5,10.6,summer,2,0.1,0.0,LOW,0
landscaping,3,333.2,6,urban,2,basic,0,4.9,107510,115,17,10.5,summer,2,0.1,0.197,LOW,1
landscaping,3,278.9,2,rural,0,premium,2,3.3,58441,23,39,6.4,summer,2,0.1,0.509,MEDIUM,1
renovation,1,80.1,6,suburban,1,standard,1,1.5,180504,12,5,11.1,summer,2,0.1,0.0,LOW,0
house,0,262.3,2,rural,0,basic,0,4.7,86660,98,58,11.7,spring,1,0.1,0.144,LOW,0
landscaping,3,480.6,1,urban,2,basic,0,1.3,122615,32,30,1.5,spring,1,0.1,0.377,MEDIUM,1
house,0,460.3,3,suburban,1,standard,1,2.2,115449,104,45,6.3,summer,2,0.1,0.101,LOW,0
landscaping,3,257.4,2,suburban,1,basic,0,1.1,56141,105,5,12.7,spring,1,0.1,0.079,LOW,1
landscaping,3,102.7,1,suburban,1,premium,2,4.1,25787,79,27,5.6,winter,0,0.8,0.363,MEDIUM,1
landscaping,3,311.2,1,suburban,1,basic,0,2.0,164725,107,34,0.5,summer,2,0.1,0.404,MEDIUM,0
commercial,2,78.5,5,suburban,1,standard,1,1.4,183876,67,5,12.0,spring,1,0.1,0.048,LOW,0
landscaping,3,70.8,3,rural,0,standard,1,3.9,162279,93,6,11.0,autumn,3,0.3,0.107,LOW,1
landscaping,3,454.6,4,rural,0,standard,1,1.9,197595,115,18,10.2,summer,2,0.1,0.0,LOW,0
landscaping,3,499.7,2,urban,2,basic,0,3.3,183520,20,43,2.2,autumn,3,0.3,0.626,HIGH,1
renovation,1,120.5,2,urban,2,premium,2,2.7,160092,101,12,13.0,winter,0,0.8,0.199,LOW,0
landscaping,3,419.6,1,urban,2,premium,2,3.6,76116,114,111,2.2,winter,0,0.8,0.295,LOW,0
house,0,189.7,7,urban,2,standard,1,2.6,116623,119,12,8.3,spring,1,0.1,0.092,LOW,0
landscaping,3,274.5,5,rural,0,basic,0,3.5,50427,61,15,7.2,summer,2,0.1,0.158,LOW,0
landscaping,3,117.2,2,suburban,1,basic,0,4.8,160763,45,18,0.6,autumn,3,0.3,0.291,LOW,0
commercial,2,47.7,4,suburban,1,standard,1,3.5,175367,117,8,6.3,summer,2,0.1,0.0,LOW,0
landscaping,3,275.6,1,suburban,1,basic,0,2.0,26542,20,22,4.8,autumn,3,0.3,0.401,MEDIUM,1
house,0,306.9,1,urban,2,premium,2,4.6,13795,21,159,6.1,winter,0,0.8,1.0,HIGH,1
commercial,2,132.6,2,rural,0,premium,2,4.2,55502,76,53,14.7,winter,0,0.8,0.357,MEDIUM,1
house,0,454.8,2,rural,0,basic,0,1.7,198278,65,40,6.3,spring,1,0.1,0.078,LOW,0
house,0,420.4,6,urban,2,basic,0,1.9,39423,96,28,1.0,spring,1,0.1,0.401,MEDIUM,1
renovation,1,406.4,6,suburban,1,premium,2,4.9,177338,105,51,9.2,winter,0,0.8,0.285,LOW,0
renovation,1,272.2,2,suburban,1,premium,2,3.8,35010,38,45,7.2,summer,2,0.1,0.435,MEDIUM,1
commercial,2,46.4,4,rural,0,premium,2,3.3,22840,111,11,6.2,winter,0,0.8,0.135,LOW,0
renovation,1,50.9,2,suburban,1,basic,0,4.4,162856,46,5,14.0,winter,0,0.8,0.277,LOW,0
commercial,2,148.7,6,urban,2,premium,2,2.0,146067,96,13,8.2,autumn,3,0.3,0.172,LOW,0
landscaping,3,450.4,5,urban,2,basic,0,4.4,101554,102,22,8.0,winter,0,0.8,0.311,LOW,0
renovation,1,341.2,3,rural,0,premium,2,4.5,148112,94,63,12.1,summer,2,0.1,0.242,LOW,1
house,0,437.6,1,urban,2,basic,0,2.3,51545,59,61,10.4,summer,2,0.1,0.134,LOW,0
landscaping,3,104.5,3,urban,2,standard,1,4.8,95767,37,9,12.5,winter,0,0.8,0.156,LOW,0
commercial,2,379.4,7,rural,0,standard,1,1.0,113455,83,16,7.9,autumn,3,0.3,0.0,LOW,0
house,0,320.0,1,suburban,1,standard,1,3.2,27590,104,87,9.7,autumn,3,0.3,0.438,MEDIUM,1
renovation,1,80.3,6,suburban,1,basic,0,1.1,89287,104,5,5.5,summer,2,0.1,0.037,LOW,1
landscaping,3,78.2,4,suburban,1,standard,1,1.7,155317,74,5,4.9,summer,2,0.1,0.152,LOW,0
commercial,2,303.6,1,rural,0,basic,0,1.2,19565,88,37,13.1,summer,2,0.1,0.305,LOW,1
landscaping,3,382.3,3,rural,0,standard,1,3.4,79804,35,50,0.8,autumn,3,0.3,0.445,MEDIUM,1
commercial,2,392.1,2,rural,0,standard,1,1.0,35993,104,29,15.0,summer,2,0.1,0.0,LOW,0
renovation,1,106.9,7,suburban,1,basic,0,4.3,63183,38,10,1.7,summer,2,0.1,0.446,MEDIUM,1
commercial,2,158.4,1,suburban,1,standard,1,4.9,11104,99,80,14.2,summer,2,0.1,0.494,MEDIUM,1
house,0,216.9,1,urban,2,basic,0,2.8,65831,64,36,13.5,winter,0,0.8,0.126,LOW,0
renovation,1,44.6,1,urban,2,standard,1,3.9,114736,114,8,7.4,autumn,3,0.3,0.274,LOW,0
renovation,1,438.3,5,urban,2,standard,1,1.6,93470,56,13,11.5,autumn,3,0.3,0.055,LOW,0
landscaping,3,45.3,4,rural,0,basic,0,4.9,41164,21,5,7.5,summer,2,0.1,0.083,LOW,0
renovation,1,352.2,4,suburban,1,premium,2,3.2,48980,66,54,1.4,spring,1,0.1,0.326,LOW,0
commercial,2,404.9,3,urban,2,premium,2,4.9,34168,27,183,1.6,summer,2,0.1,1.0,HIGH,1
landscaping,3,255.6,7,urban,2,premium,2,3.9,133112,95,16,13.0,summer,2,0.1,0.216,LOW,0
landscaping,3,255.8,1,urban,2,premium,2,2.0,197399,38,40,0.8,summer,2,0.1,0.356,MEDIUM,0
commercial,2,192.6,2,urban,2,standard,1,2.3,105954,39,24,13.3,summer,2,0.1,0.0,LOW,1
commercial,2,198.2,7,suburban,1,basic,0,1.5,115670,52,8,10.6,winter,0,0.8,0.194,LOW,0
renovation,1,345.1,3,suburban,1,basic,0,1.5,179763,15,11,14.1,spring,1,0.1,0.0,LOW,0
renovation,1,363.3,2,rural,0,premium,2,3.5,157767,117,65,12.3,autumn,3,0.3,0.046,LOW,1
commercial,2,287.4,2,urban,2,premium,2,4.1,98776,47,124,2.9,summer,2,0.1,0.698,HIGH,1
house,0,370.7,4,rural,0,standard,1,2.0,36111,51,31,9.4,spring,1,0.1,0.076,LOW,0
commercial,2,379.8,5,rural,0,standard,1,4.2,133448,57,110,2.8,winter,0,0.8,0.634,HIGH,1
renovation,1,337.0,5,suburban,1,basic,0,5.0,195085,9,44,1.7,winter,0,0.8,0.811,HIGH,1
commercial,2,133.7,6,urban,2,basic,0,1.1,55248,82,5,3.0,autumn,3,0.3,0.222,LOW,0
house,0,427.7,5,rural,0,premium,2,2.4,77353,26,51,7.8,summer,2,0.1,0.469,MEDIUM,1
landscaping,3,306.4,2,suburban,1,standard,1,3.9,99900,72,29,9.2,summer,2,0.1,0.119,LOW,0
renovation,1,496.3,2,rural,0,standard,1,4.6,46079,115,93,7.3,autumn,3,0.3,0.497,MEDIUM,0
house,0,394.7,4,rural,0,standard,1,4.6,40038,50,89,5.9,autumn,3,0.3,0.833,HIGH,1
house,0,224.1,6,urban,2,premium,2,3.0,53210,66,25,6.4,winter,0,0.8,0.149,LOW,0
renovation,1,341.4,7,rural,0,premium,2,1.7,81261,34,21,4.2,summer,2,0.1,0.241,LOW,0
house,0,393.5,4,rural,0,basic,0,4.9,93489,17,64,13.3,autumn,3,0.3,0.568,MEDIUM,1
renovation,1,240.9,4,urban,2,standard,1,4.3,89023,26,21,9.0,autumn,3,0.3,0.27,LOW,0
landscaping,3,198.8,4,suburban,1,premium,2,1.1,148598,107,5,8.2,autumn,3,0.3,0.136,LOW,0
commercial,2,239.8,7,urban,2,premium,2,4.5,45139,67,72,1.0,winter,0,0.8,0.627,HIGH,1
house,0,87.8,5,rural,0,premium,2,4.7,12672,41,21,7.1,spring,1,0.1,0.397,MEDIUM,1
commercial,2,268.4,6,urban,2,basic,0,3.8,82489,94,27,10.4,spring,1,0.1,0.0,LOW,0
renovation,1,487.4,7,rural,0,premium,2,2.8,105541,56,48,5.5,winter,0,0.8,0.186,LOW,0
renovation,1,92.4,4,rural,0,standard,1,3.8,44361,14,9,14.6,autumn,3,0.3,0.0,LOW,0
landscaping,3,238.6,5,suburban,1,basic,0,4.9,54785,71,14,12.7,spring,1,0.1,0.249,LOW,0
commercial,2,263.7,1,urban,2,standard,1,4.3,173599,119,175,0.9,autumn,3,0.3,0.966,HIGH,1
house,0,354.1,1,urban,2,basic,0,3.4,188471,20,81,6.2,summer,2,0.1,0.59,MEDIUM,0
renovation,1,339.2,2,suburban,1,basic,0,3.4,67032,39,33,6.4,spring,1,0.1,0.134,LOW,0
renovation,1,296.5,1,suburban,1,basic,0,1.4,131850,108,23,5.2,winter,0,0.8,0.214,LOW,1
house,0,388.3,1,rural,0,standard,1,2.3,174436,7,133,2.2,summer,2,0.1,0.619,HIGH,1
landscaping,3,32.7,7,rural,0,standard,1,3.5,123917,21,5,10.6,summer,2,0.1,0.088,LOW,0
landscaping,3,141.6,1,suburban,1,premium,2,2.8,7860,17,21,9.3,autumn,3,0.3,0.664,HIGH,1
landscaping,3,321.2,6,rural,0,premium,2,3.0,110761,78,22,8.0,winter,0,0.8,0.176,LOW,0
landscaping,3,190.4,4,urban,2,standard,1,1.6,107692,85,5,8.2,summer,2,0.1,0.032,LOW,0
house,0,412.1,2,rural,0,basic,0,3.9,106641,27,105,3.3,winter,0,0.8,0.532,MEDIUM,1
commercial,2,452.1,1,urban,2,basic,0,3.6,79115,74,123,14.0,spring,1,0.1,0.53,MEDIUM,0
landscaping,3,258.4,5,urban,2,premium,2,2.1,64922,117,10,8.2,autumn,3,0.3,0.096,LOW,0
commercial,2,367.3,2,rural,0,premium,2,2.1,85642,95,74,8.1,autumn,3,0.3,0.005,LOW,1
landscaping,3,405.9,7,rural,0,standard,1,3.8,25841,48,37,3.2,summer,2,0.1,0.544,MEDIUM,1
landscaping,3,70.9,6,suburban,1,standard,1,3.2,13465,112,5,2.1,winter,0,0.8,0.131,LOW,0
renovation,1,272.1,4,suburban,1,standard,1,1.9,46349,16,17,3.0,autumn,3,0.3,0.102,LOW,1
commercial,2,391.9,1,urban,2,standard,1,1.9,157202,56,72,11.1,winter,0,0.8,0.45,MEDIUM,1
landscaping,3,410.5,3,rural,0,standard,1,3.5,93095,75,49,2.9,summer,2,0.1,0.207,LOW,1
commercial,2,131.9,1,rural,0,standard,1,1.7,65893,41,28,9.3,winter,0,0.8,0.189,LOW,0
landscaping,3,213.7,5,suburban,1,basic,0,1.2,32646,70,5,2.5,spring,1,0.1,0.149,LOW,0
commercial,2,231.3,7,urban,2,standard,1,3.9,8085,30,43,2.4,autumn,3,0.3,0.801,HIGH,1
house,0,370.4,2,rural,0,standard,1,4.6,155661,42,157,1.7,spring,1,0.1,0.839,HIGH,1
commercial,2,120.2,1,suburban,1,premium,2,1.9,74224,74,33,6.9,autumn,3,0.3,0.246,LOW,0
house,0,62.9,5,rural,0,premium,2,2.1,120598,73,6,8.2,spring,1,0.1,0.025,LOW,0
renovation,1,344.7,7,suburban,1,premium,2,2.5,75774,41,21,11.1,winter,0,0.8,0.173,LOW,0
landscaping,3,294.3,4,rural,0,basic,0,4.8,128817,53,33,3.4,winter,0,0.8,0.337,LOW,0
landscaping,3,241.7,4,rural,0,premium,2,2.4,134658,90,16,7.4,spring,1,0.1,0.037,LOW,0
landscaping,3,487.9,6,urban,2,standard,1,5.0,185765,114,43,4.0,summer,2,0.1,0.294,LOW,0
landscaping,3,150.8,7,suburban,1,standard,1,4.5,123655,82,9,11.8,spring,1,0.1,0.252,LOW,0
landscaping,3,172.5,2,urban,2,basic,0,2.4,79277,8,7,14.1,autumn,3,0.3,0.041,LOW,0
renovation,1,216.6,7,urban,2,premium,2,4.8,175301,12,22,13.8,spring,1,0.1,0.659,HIGH,1
house,0,496.3,5,suburban,1,standard,1,2.6,102725,55,61,2.2,summer,2,0.1,0.173,LOW,0
commercial,2,442.6,6,rural,0,standard,1,3.9,32549,13,96,4.9,summer,2,0.1,0.726,HIGH,1
landscaping,3,219.4,2,rural,0,standard,1,1.6,48605,84,10,14.6,autumn,3,0.3,0.058,LOW,1
commercial,2,92.3,6,suburban,1,premium,2,2.3,123242,71,10,9.3,autumn,3,0.3,0.133,LOW,0
landscaping,3,266.2,1,suburban,1,basic,0,4.3,134930,104,60,1.5,spring,1,0.1,0.365,MEDIUM,0
landscaping,3,482.7,4,rural,0,standard,1,4.1,28797,98,51,5.0,winter,0,0.8,0.481,MEDIUM,1
commercial,2,79.7,6,urban,2,standard,1,1.0,8449,8,5,9.9,autumn,3,0.3,0.0,LOW,0
landscaping,3,397.0,2,urban,2,premium,2,1.8,99497,56,33,1.3,spring,1,0.1,0.299,LOW,1
landscaping,3,142.4,3,rural,0,basic,0,1.3,157626,116,5,2.0,summer,2,0.1,0.248,LOW,0
house,0,269.4,7,suburban,1,basic,0,1.9,50366,58,16,3.0,autumn,3,0.3,0.211,LOW,1
house,0,370.4,5,urban,2,basic,0,4.5,92708,105,45,5.8,autumn,3,0.3,0.163,LOW,1
renovation,1,374.8,6,rural,0,standard,1,4.9,53473,68,43,7.5,summer,2,0.1,0.164,LOW,0
commercial,2,387.3,2,urban,2,premium,2,1.8,125695,19,81,0.7,autumn,3,0.3,0.628,HIGH,1
house,0,488.7,2,suburban,1,premium,2,1.3,13313,87,60,2.1,autumn,3,0.3,0.44,MEDIUM,1
commercial,2,426.8,7,urban,2,premium,2,1.6,29804,40,34,5.2,autumn,3,0.3,0.277,LOW,0
house,0,206.7,4,urban,2,basic,0,4.4,81517,48,23,13.4,spring,1,0.1,0.251,LOW,0
commercial,2,178.2,1,rural,0,premium,2,4.2,19901,103,123,12.7,winter,0,0.8,0.588,MEDIUM,1
landscaping,3,246.9,3,rural,0,premium,2,3.0,80338,92,22,9.7,winter,0,0.8,0.153,LOW,0
landscaping,3,273.7,3,rural,0,premium,2,1.4,197714,93,12,10.4,summer,2,0.1,0.0,LOW,0
house,0,366.7,5,rural,0,standard,1,4.2,25547,23,59,14.4,winter,0,0.8,0.928,HIGH,1
commercial,2,196.0,6,suburban,1,standard,1,5.0,194296,89,36,10.1,autumn,3,0.3,0.117,LOW,0
renovation,1,76.2,6,rural,0,premium,2,4.3,18399,16,16,0.8,autumn,3,0.3,0.346,LOW,1
renovation,1,168.9,1,rural,0,basic,0,4.9,135133,73,66,2.3,winter,0,0.8,0.453,MEDIUM,1
landscaping,3,332.6,2,urban,2,premium,2,2.9,179684,16,28,12.1,spring,1,0.1,0.419,MEDIUM,1
landscaping,3,312.9,5,urban,2,basic,0,4.7,106550,38,16,10.0,spring,1,0.1,0.086,LOW,0
landscaping,3,466.2,7,urban,2,standard,1,1.4,78319,84,8,6.9,autumn,3,0.3,0.103,LOW,1
commercial,2,143.1,5,urban,2,basic,0,3.7,101729,119,15,9.9,autumn,3,0.3,0.037,LOW,1
commercial,2,434.8,1,urban,2,premium,2,2.0,111083,27,108,11.4,spring,1,0.1,0.552,MEDIUM,1
house,0,372.4,7,suburban,1,standard,1,1.7,15502,92,18,11.4,summer,2,0.1,0.264,LOW,0
landscaping,3,372.1,2,urban,2,standard,1,1.5,146566,33,12,14.5,autumn,3,0.3,0.028,LOW,0
commercial,2,190.9,6,rural,0,standard,1,3.2,120118,62,27,9.4,autumn,3,0.3,0.001,LOW,0
house,0,74.1,4,rural,0,standard,1,3.5,153419,117,16,2.8,summer,2,0.1,0.172,LOW,1
commercial,2,378.6,3,urban,2,standard,1,5.0,24340,102,84,13.3,winter,0,0.8,0.512,MEDIUM,1
landscaping,3,378.9,6,suburban,1,basic,0,3.5,41665,47,18,5.9,winter,0,0.8,0.238,LOW,0
landscaping,3,428.6,2,suburban,1,basic,0,1.1,150418,20,9,11.4,summer,2,0.1,0.062,LOW,0
renovation,1,385.4,7,urban,2,basic,0,2.2,175947,107,17,2.3,summer,2,0.1,0.137,LOW,0
renovation,1,396.8,6,urban,2,basic,0,3.4,81348,91,32,0.5,winter,0,0.8,0.266,LOW,0
commercial,2,108.4,4,suburban,1,basic,0,4.2,23133,77,15,7.5,summer,2,0.1,0.188,LOW,0
renovation,1,302.6,7,rural,0,standard,1,3.8,15297,30,26,10.3,summer,2,0.1,0.421,MEDIUM,0
landscaping,3,417.8,1,rural,0,basic,0,3.5,34055,30,71,5.3,spring,1,0.1,0.867,HIGH,1
commercial,2,362.6,7,urban,2,premium,2,4.3,106458,51,95,2.6,summer,2,0.1,0.726,HIGH,1
renovation,1,234.0,2,suburban,1,standard,1,2.5,17196,98,19,11.2,summer,2,0.1,0.36,MEDIUM,1
commercial,2,332.0,1,rural,0,standard,1,3.6,101752,53,223,2.2,winter,0,0.8,0.712,HIGH,1
renovation,1,424.7,3,rural,0,premium,2,4.0,190311,75,98,3.2,autumn,3,0.3,0.402,MEDIUM,1
commercial,2,42.3,1,rural,0,standard,1,3.3,119363,76,17,8.0,winter,0,0.8,0.19,LOW,1
commercial,2,151.9,6,urban,2,basic,0,1.9,78498,70,11,3.2,autumn,3,0.3,0.191,LOW,0
commercial,2,257.0,6,urban,2,premium,2,3.5,14719,45,39,7.7,summer,2,0.1,0.347,LOW,0
landscaping,3,389.8,6,urban,2,standard,1,1.9,30613,63,10,11.4,winter,0,0.8,0.211,LOW,1
renovation,1,62.4,4,suburban,1,basic,0,1.2,12076,13,5,4.1,summer,2,0.1,0.191,LOW,0
renovation,1,157.8,6,urban,2,basic,0,2.7,169734,76,9,1.4,autumn,3,0.3,0.228,LOW,0
commercial,2,59.4,2,urban,2,standard,1,3.2,72454,56,11,6.5,winter,0,0.8,0.099,LOW,1
renovation,1,40.3,3,rural,0,basic,0,4.9,114233,77,5,6.2,summer,2,0.1,0.226,LOW,0
landscaping,3,323.5,5,rural,0,basic,0,4.9,55023,9,24,11.0,spring,1,0.1,0.498,MEDIUM,1
renovation,1,175.1,5,suburban,1,standard,1,3.4,73154,47,21,0.8,summer,2,0.1,0.304,LOW,0
landscaping,3,71.8,6,urban,2,premium,2,3.2,107061,67,5,3.8,spring,1,0.1,0.191,LOW,0
landscaping,3,402.1,1,urban,2,basic,0,3.2,20936,76,38,12.8,autumn,3,0.3,0.416,MEDIUM,0
landscaping,3,342.2,1,suburban,1,basic,0,3.7,95148,118,43,7.2,summer,2,0.1,0.21,LOW,0
renovation,1,399.9,6,suburban,1,standard,1,4.2,94552,70,33,12.0,spring,1,0.1,0.159,LOW,0
commercial,2,439.9,2,rural,0,premium,2,2.3,152567,92,162,0.8,summer,2,0.1,0.585,MEDIUM,1
commercial,2,106.0,6,rural,0,standard,1,2.0,92992,64,9,11.4,summer,2,0.1,0.022,LOW,0
renovation,1,74.3,3,rural,0,standard,1,4.6,110047,105,16,2.0,winter,0,0.8,0.361,MEDIUM,1
renovation,1,208.8,3,urban,2,premium,2,2.8,43144,18,18,8.1,winter,0,0.8,0.087,LOW,0
house,0,301.5,5,suburban,1,basic,0,2.2,130322,21,17,13.8,spring,1,0.1,0.017,LOW,0
renovation,1,357.1,4,rural,0,premium,2,1.7,124627,115,21,13.6,spring,1,0.1,0.015,LOW,1
renovation,1,96.1,1,rural,0,standard,1,1.1,75920,38,7,10.0,spring,1,0.1,0.04,LOW,0
house,0,319.2,6,suburban,1,basic,0,4.4,27941,17,34,7.8,spring,1,0.1,0.903,HIGH,1
commercial,2,226.3,7,rural,0,basic,0,1.5,146411,40,16,2.9,winter,0,0.8,0.306,LOW,0
renovation,1,106.2,3,rural,0,standard,1,3.7,23141,74,12,10.9,spring,1,0.1,0.138,LOW,0
commercial,2,373.8,5,rural,0,basic,0,2.3,62816,108,33,8.3,summer,2,0.1,0.052,LOW,0
house,0,251.4,7,rural,0,premium,2,3.6,66242,94,40,7.7,autumn,3,0.3,0.246,LOW,0
house,0,111.7,5,urban,2,basic,0,1.5,22000,39,5,4.0,autumn,3,0.3,0.058,LOW,0
landscaping,3,241.7,2,suburban,1,premium,2,3.5,89924,28,26,11.2,winter,0,0.8,0.241,LOW,1
landscaping,3,149.4,1,urban,2,basic,0,1.5,136855,72,8,5.1,winter,0,0.8,0.081,LOW,0
commercial,2,108.6,4,suburban,1,premium,2,1.9,168223,93,18,1.6,winter,0,0.8,0.298,LOW,1
house,0,131.3,7,suburban,1,standard,1,1.9,11472,59,6,10.0,autumn,3,0.3,0.268,LOW,1
house,0,390.1,3,suburban,1,premium,2,1.2,180275,103,25,13.2,autumn,3,0.3,0.0,LOW,0
house,0,213.2,6,rural,0,standard,1,2.8,173590,78,32,2.4,spring,1,0.1,0.093,LOW,1
house,0,255.2,1,rural,0,standard,1,1.2,149281,32,30,14.5,summer,2,0.1,0.035,LOW,0
landscaping,3,487.2,3,urban,2,premium,2,4.0,161957,90,45,14.7,summer,2,0.1,0.234,LOW,0
landscaping,3,325.3,1,urban,2,premium,2,2.1,175187,20,46,3.7,autumn,3,0.3,0.604,HIGH,1
house,0,62.1,1,urban,2,basic,0,2.0,7419,58,9,4.9,spring,1,0.1,0.23,LOW,0
landscaping,3,171.0,6,suburban,1,basic,0,3.4,17576,98,6,12.9,autumn,3,0.3,0.214,LOW,0
commercial,2,449.4,7,suburban,1,standard,1,3.5,108607,68,56,12.0,autumn,3,0.3,0.037,LOW,0
house,0,497.9,2,suburban,1,standard,1,3.3,133471,54,81,12.6,summer,2,0.1,0.48,MEDIUM,0
commercial,2,74.1,5,suburban,1,basic,0,1.1,174368,104,5,13.2,autumn,3,0.3,0.044,LOW,0
house,0,232.3,4,rural,0,basic,0,4.6,95564,21,36,9.2,winter,0,0.8,0.709,HIGH,1
landscaping,3,238.4,5,rural,0,premium,2,3.5,120381,35,21,9.8,summer,2,0.1,0.145,LOW,0
renovation,1,140.1,4,urban,2,basic,0,3.0,132184,72,9,4.4,summer,2,0.1,0.105,LOW,1
house,0,156.4,6,suburban,1,standard,1,1.3,54606,23,9,1.1,autumn,3,0.3,0.251,LOW,1
house,0,142.3,2,suburban,1,premium,2,4.9,69613,119,44,9.5,summer,2,0.1,0.204,LOW,0
commercial,2,252.9,1,rural,0,premium,2,3.1,6074,52,203,1.2,spring,1,0.1,1.0,HIGH,1
renovation,1,426.6,1,urban,2,standard,1,2.4,161504,55,69,3.7,spring,1,0.1,0.389,MEDIUM,0
house,0,160.6,5,suburban,1,premium,2,2.1,164550,27,17,5.5,summer,2,0.1,0.061,LOW,1
house,0,262.0,3,suburban,1,premium,2,1.2,92866,52,23,2.9,spring,1,0.1,0.138,LOW,0
landscaping,3,444.7,5,urban,2,premium,2,3.9,123542,118,40,4.8,winter,0,0.8,0.324,LOW,1
commercial,2,369.1,1,rural,0,basic,0,3.5,14971,115,131,12.5,summer,2,0.1,0.518,MEDIUM,1
commercial,2,150.6,4,suburban,1,standard,1,2.5,93966,88,25,1.8,winter,0,0.8,0.299,LOW,0
renovation,1,453.2,4,rural,0,premium,2,1.3,74180,45,24,6.5,autumn,3,0.3,0.109,LOW,0
house,0,447.4,5,rural,0,premium,2,1.0,129039,79,23,9.4,winter,0,0.8,0.205,LOW,0
house,0,86.7,2,urban,2,premium,2,3.1,166658,100,23,2.6,spring,1,0.1,0.112,LOW,0
landscaping,3,168.7,1,suburban,1,standard,1,1.3,82877,107,14,2.3,summer,2,0.1,0.222,LOW,0
renovation,1,372.7,1,suburban,1,standard,1,1.3,80542,113,28,6.7,summer,2,0.1,0.145,LOW,0
house,0,174.0,2,rural,0,basic,0,3.4,49124,38,27,12.4,spring,1,0.1,0.132,LOW,1
house,0,232.6,3,urban,2,basic,0,3.3,77379,63,36,0.9,summer,2,0.1,0.239,LOW,0
landscaping,3,270.5,4,urban,2,standard,1,2.7,32806,62,11,11.5,autumn,3,0.3,0.119,LOW,0
landscaping,3,273.1,2,suburban,1,standard,1,3.5,71418,101,24,12.0,spring,1,0.1,0.079,LOW,0
house,0,428.2,2,suburban,1,standard,1,4.4,118143,108,96,7.1,winter,0,0.8,0.268,LOW,0
commercial,2,258.2,3,urban,2,premium,2,3.1,31479,32,76,1.1,autumn,3,0.3,0.736,HIGH,1
commercial,2,212.4,2,rural,0,basic,0,2.6,66075,21,32,7.6,autumn,3,0.3,0.356,MEDIUM,1
house,0,204.1,4,rural,0,basic,0,2.3,178239,74,15,14.9,summer,2,0.1,0.019,LOW,0
renovation,1,315.2,6,rural,0,standard,1,2.6,80175,118,19,11.7,summer,2,0.1,0.106,LOW,0
commercial,2,280.2,5,rural,0,basic,0,4.0,167562,57,51,5.7,autumn,3,0.3,0.245,LOW,0
landscaping,3,113.3,5,rural,0,basic,0,2.4,57698,50,5,12.5,autumn,3,0.3,0.039,LOW,0
renovation,1,304.0,5,urban,2,premium,2,2.8,127116,17,29,3.5,summer,2,0.1,0.616,HIGH,1
house,0,375.3,2,suburban,1,premium,2,3.5,116029,25,117,3.4,winter,0,0.8,0.659,HIGH,1
landscaping,3,48.5,1,rural,0,standard,1,3.8,181854,70,9,9.1,winter,0,0.8,0.25,LOW,0
commercial,2,245.5,6,urban,2,standard,1,1.5,159149,98,20,1.3,autumn,3,0.3,0.266,LOW,0
landscaping,3,46.2,6,suburban,1,basic,0,1.6,95222,54,5,1.9,autumn,3,0.3,0.281,LOW,0
house,0,172.2,4,suburban,1,basic,0,2.1,44629,94,10,6.9,autumn,3,0.3,0.051,LOW,1
commercial,2,200.3,1,rural,0,standard,1,4.5,196244,88,118,6.9,winter,0,0.8,0.55,MEDIUM,1
renovation,1,409.1,3,suburban,1,premium,2,1.8,26307,51,27,6.9,autumn,3,0.3,0.399,MEDIUM,1
house,0,59.4,6,suburban,1,standard,1,2.0,11004,53,5,9.6,summer,2,0.1,0.095,LOW,0
renovation,1,254.1,5,suburban,1,basic,0,1.1,175049,16,7,2.4,winter,0,0.8,0.14,LOW,0
house,0,408.1,3,urban,2,premium,2,1.8,191702,53,35,14.9,spring,1,0.1,0.0,LOW,1
commercial,2,72.2,6,suburban,1,premium,2,1.1,148885,31,5,9.7,spring,1,0.1,0.0,LOW,0
renovation,1,470.4,4,rural,0,basic,0,3.6,154393,42,38,10.7,summer,2,0.1,0.0,LOW,0
renovation,1,369.9,6,rural,0,premium,2,2.6,84386,108,37,4.9,spring,1,0.1,0.17,LOW,0
house,0,301.2,2,rural,0,premium,2,1.0,24684,108,29,4.8,autumn,3,0.3,0.095,LOW,0
landscaping,3,403.4,6,urban,2,premium,2,1.2,19216,19,8,10.2,autumn,3,0.3,0.272,LOW,1
commercial,2,218.6,7,urban,2,standard,1,4.7,83995,33,54,0.8,spring,1,0.1,0.827,HIGH,1
landscaping,3,425.8,1,rural,0,standard,1,3.6,195901,27,104,3.6,autumn,3,0.3,0.663,HIGH,1
commercial,2,387.0,7,suburban,1,premium,2,4.6,103101,68,84,7.1,winter,0,0.8,0.594,MEDIUM,1
commercial,2,329.4,2,urban,2,basic,0,2.0,144221,59,28,12.2,summer,2,0.1,0.021,LOW,0
landscaping,3,97.2,7,suburban,1,basic,0,3.9,83282,37,5,4.6,winter,0,0.8,0.207,LOW,0
commercial,2,55.5,4,suburban,1,basic,0,2.6,25036,119,5,7.9,winter,0,0.8,0.0,LOW,0
landscaping,3,362.3,7,suburban,1,premium,2,3.3,96059,12,29,4.1,winter,0,0.8,0.778,HIGH,1
landscaping,3,178.6,3,urban,2,premium,2,4.3,30336,15,18,12.7,spring,1,0.1,0.373,MEDIUM,1
commercial,2,449.2,5,urban,2,standard,1,2.7,78576,62,43,14.5,spring,1,0.1,0.0,LOW,0
house,0,262.1,1,suburban,1,basic,0,4.7,169628,61,138,0.6,summer,2,0.1,0.793,HIGH,1
house,0,365.1,5,urban,2,premium,2,1.7,59296,17,23,14.3,spring,1,0.1,0.301,LOW,0
house,0,79.5,3,rural,0,premium,2,3.5,199896,23,20,5.7,autumn,3,0.3,0.221,LOW,0
landscaping,3,233.4,7,urban,2,premium,2,1.4,128713,105,6,5.9,spring,1,0.1,0.02,LOW,0
commercial,2,225.8,5,suburban,1,standard,1,2.7,145332,15,24,10.0,autumn,3,0.3,0.424,MEDIUM,1
landscaping,3,131.4,5,suburban,1,premium,2,4.0,12008,15,16,2.5,winter,0,0.8,0.66,HIGH,1
commercial,2,377.1,4,rural,0,standard,1,4.9,15179,34,97,10.8,winter,0,0.8,0.82,HIGH,1
landscaping,3,448.4,4,suburban,1,standard,1,1.2,135039,55,13,2.1,spring,1,0.1,0.113,LOW,0
commercial,2,422.7,6,rural,0,premium,2,2.0,182658,8,80,0.8,spring,1,0.1,0.585,MEDIUM,1
commercial,2,261.6,7,suburban,1,premium,2,2.3,181683,30,28,11.0,autumn,3,0.3,0.206,LOW,0
renovation,1,216.9,1,urban,2,premium,2,2.2,155928,53,43,3.7,winter,0,0.8,0.256,LOW,1
commercial,2,300.4,2,urban,2,standard,1,4.1,162395,40,96,3.1,summer,2,0.1,0.647,HIGH,1
renovation,1,186.1,1,urban,2,premium,2,4.1,106002,63,57,5.9,winter,0,0.8,0.28,LOW,0
landscaping,3,333.8,7,urban,2,standard,1,4.5,136738,38,19,13.5,winter,0,0.8,0.337,LOW,0
commercial,2,245.3,6,suburban,1,basic,0,1.6,180394,35,16,3.8,spring,1,0.1,0.059,LOW,0
commercial,2,381.3,7,suburban,1,basic,0,3.7,118531,110,40,14.2,spring,1,0.1,0.167,LOW,1
renovation,1,285.9,7,rural,0,basic,0,3.2,156501,23,22,3.8,summer,2,0.1,0.149,LOW,0
house,0,322.5,2,urban,2,premium,2,2.3,58866,83,42,12.3,winter,0,0.8,0.157,LOW,0
commercial,2,346.8,3,urban,2,basic,0,4.2,189742,108,67,4.7,autumn,3,0.3,0.274,LOW,1
renovation,1,362.6,2,rural,0,basic,0,3.8,186468,90,43,9.6,spring,1,0.1,0.05,LOW,0
landscaping,3,480.2,3,rural,0,standard,1,4.0,74082,27,46,14.5,summer,2,0.1,0.584,MEDIUM,1
renovation,1,387.6,6,suburban,1,premium,2,3.2,89399,100,32,8.6,summer,2,0.1,0.183,LOW,0
landscaping,3,451.9,4,rural,0,premium,2,4.4,196333,83,54,8.1,spring,1,0.1,0.188,LOW,0
commercial,2,81.2,4,suburban,1,basic,0,4.8,198990,70,13,14.3,summer,2,0.1,0.165,LOW,0
landscaping,3,245.7,2,suburban,1,standard,1,3.4,19251,88,20,14.7,autumn,3,0.3,0.268,LOW,0
landscaping,3,456.7,2,rural,0,basic,0,3.8,82065,86,41,14.7,spring,1,0.1,0.111,LOW,0
commercial,2,254.1,4,rural,0,premium,2,2.0,129920,45,34,11.8,autumn,3,0.3,0.172,LOW,0
commercial,2,431.9,4,urban,2,basic,0,1.0,6763,107,16,6.0,winter,0,0.8,0.34,LOW,1
commercial,2,51.6,2,rural,0,basic,0,2.3,170368,78,7,12.2,summer,2,0.1,0.0,LOW,0
landscaping,3,219.3,4,urban,2,basic,0,3.6,28108,15,14,2.7,autumn,3,0.3,0.378,MEDIUM,1
house,0,262.5,1,rural,0,standard,1,4.0,77486,90,164,1.8,summer,2,0.1,0.767,HIGH,1
house,0,57.1,7,suburban,1,basic,0,3.3,74639,24,5,14.9,autumn,3,0.3,0.107,LOW,0
commercial,2,225.3,1,rural,0,standard,1,2.0,42361,115,55,14.6,winter,0,0.8,0.086,LOW,1
commercial,2,383.3,5,rural,0,basic,0,1.1,39168,104,16,10.4,summer,2,0.1,0.0,LOW,0
house,0,368.0,3,urban,2,premium,2,2.7,68636,25,68,2.6,summer,2,0.1,0.546,MEDIUM,1
renovation,1,427.5,5,rural,0,basic,0,2.7,157171,112,23,13.4,summer,2,0.1,0.019,LOW,0
landscaping,3,150.0,3,urban,2,basic,0,3.4,11398,116,11,1.5,autumn,3,0.3,0.444,MEDIUM,1
landscaping,3,268.3,3,urban,2,basic,0,1.4,166216,69,6,5.3,winter,0,0.8,0.119,LOW,0
house,0,337.7,3,suburban,1,basic,0,3.1,95342,59,42,4.6,spring,1,0.1,0.145,LOW,0
landscaping,3,90.1,6,rural,0,standard,1,3.1,120134,66,5,8.1,spring,1,0.1,0.0,LOW,1
commercial,2,136.3,6,rural,0,basic,0,1.0,90309,57,8,1.3,spring,1,0.1,0.148,LOW,0
landscaping,3,373.9,4,urban,2,premium,2,4.0,170443,93,30,9.3,autumn,3,0.3,0.209,LOW,1
house,0,148.8,3,rural,0,standard,1,1.7,77333,53,12,12.2,winter,0,0.8,0.177,LOW,0
renovation,1,214.8,5,urban,2,basic,0,1.6,79234,37,5,11.4,summer,2,0.1,0.0,LOW,0
landscaping,3,273.3,1,rural,0,premium,2,4.8,13272,23,86,9.2,summer,2,0.1,0.919,HIGH,1
renovation,1,365.8,5,urban,2,standard,1,3.2,157243,69,22,7.9,spring,1,0.1,0.034,LOW,1
house,0,418.9,7,urban,2,standard,1,3.9,95035,7,62,2.3,winter,0,0.8,0.605,HIGH,1
house,0,429.7,1,suburban,1,standard,1,2.1,162379,99,111,2.6,winter,0,0.8,0.423,MEDIUM,1
landscaping,3,103.9,1,suburban,1,standard,1,3.8,146776,53,17,6.8,winter,0,0.8,0.24,LOW,0
commercial,2,256.8,4,rural,0,standard,1,4.1,148217,24,92,0.7,spring,1,0.1,0.816,HIGH,1
house,0,88.5,6,urban,2,premium,2,3.8,194200,67,18,1.9,summer,2,0.1,0.322,LOW,0
renovation,1,361.9,1,rural,0,standard,1,4.9,15075,71,146,5.0,summer,2,0.1,1.0,HIGH,1
renovation,1,85.7,6,urban,2,standard,1,3.2,82328,49,5,13.0,autumn,3,0.3,0.011,LOW,0
renovation,1,166.3,6,rural,0,basic,0,3.7,160353,13,14,5.0,autumn,3,0.3,0.167,LOW,1
house,0,491.5,3,suburban,1,basic,0,1.0,136434,103,16,8.5,winter,0,0.8,0.038,LOW,0
renovation,1,195.9,1,rural,0,standard,1,4.7,88955,34,69,6.4,summer,2,0.1,0.574,MEDIUM,1
landscaping,3,164.3,1,urban,2,standard,1,3.7,69829,72,32,3.5,summer,2,0.1,0.236,LOW,1
house,0,398.9,7,urban,2,basic,0,3.5,43803,25,28,11.9,summer,2,0.1,0.43,MEDIUM,1
commercial,2,182.9,7,rural,0,premium,2,2.7,196172,96,28,7.0,summer,2,0.1,0.205,LOW,0
commercial,2,287.5,4,rural,0,standard,1,2.6,148888,96,39,8.9,autumn,3,0.3,0.0,LOW,0
landscaping,3,64.8,3,urban,2,standard,1,1.8,99193,86,5,9.6,autumn,3,0.3,0.04,LOW,0
commercial,2,97.7,7,rural,0,standard,1,1.3,19739,108,8,1.5,autumn,3,0.3,0.266,LOW,0
commercial,2,245.3,3,urban,2,standard,1,3.6,57143,40,39,10.7,winter,0,0.8,0.105,LOW,0
landscaping,3,241.8,6,rural,0,standard,1,2.3,57864,8,9,13.1,spring,1,0.1,0.299,LOW,0
commercial,2,102.8,7,suburban,1,basic,0,1.9,188116,27,7,3.4,winter,0,0.8,0.248,LOW,0
commercial,2,349.7,4,urban,2,standard,1,3.5,80195,13,64,4.2,summer,2,0.1,0.55,MEDIUM,1
landscaping,3,217.5,5,urban,2,premium,2,3.5,149185,12,14,14.7,autumn,3,0.3,0.25,LOW,0
renovation,1,233.8,3,urban,2,standard,1,4.6,21439,31,27,6.8,summer,2,0.1,0.362,MEDIUM,1
landscaping,3,370.0,2,rural,0,premium,2,5.0,49689,49,71,9.7,summer,2,0.1,0.658,HIGH,1
landscaping,3,365.6,7,suburban,1,premium,2,1.8,176107,102,12,13.7,winter,0,0.8,0.086,LOW,0
house,0,37.4,3,urban,2,premium,2,2.0,17193,67,5,6.7,autumn,3,0.3,0.023,LOW,0
commercial,2,309.6,6,urban,2,premium,2,4.8,168506,44,74,6.1,spring,1,0.1,0.609,HIGH,1
house,0,163.2,6,rural,0,premium,2,2.6,105154,97,19,8.1,autumn,3,0.3,0.0,LOW,0
house,0,462.8,6,rural,0,basic,0,4.2,70053,66,64,5.8,spring,1,0.1,0.239,LOW,0
commercial,2,400.1,5,suburban,1,standard,1,2.6,175376,66,42,12.6,winter,0,0.8,0.08,LOW,0
renovation,1,97.9,7,urban,2,standard,1,1.3,165825,28,5,11.9,summer,2,0.1,0.08,LOW,0
commercial,2,307.4,7,suburban,1,basic,0,1.2,100764,74,14,3.5,spring,1,0.1,0.116,LOW,0
commercial,2,35.4,1,suburban,1,standard,1,2.0,36101,118,7,8.0,summer,2,0.1,0.167,LOW,1
renovation,1,381.0,3,rural,0,basic,0,4.3,138601,41,41,12.2,spring,1,0.1,0.062,LOW,1
landscaping,3,238.4,2,urban,2,standard,1,3.1,74593,69,26,1.6,winter,0,0.8,0.405,MEDIUM,1
commercial,2,131.5,7,suburban,1,premium,2,4.8,68715,112,33,5.9,autumn,3,0.3,0.234,LOW,0
renovation,1,179.7,5,urban,2,standard,1,2.6,112907,41,10,5.6,autumn,3,0.3,0.034,LOW,0
renovation,1,445.7,4,rural,0,basic,0,4.4,150929,63,73,0.7,winter,0,0.8,0.589,MEDIUM,1
landscaping,3,223.2,6,rural,0,premium,2,2.5,100428,51,19,2.9,autumn,3,0.3,0.08,LOW,0
house,0,374.2,2,urban,2,standard,1,2.2,110567,36,59,0.8,summer,2,0.1,0.543,MEDIUM,1
house,0,143.5,2,urban,2,premium,2,3.5,118518,40,29,8.0,summer,2,0.1,0.132,LOW,0
commercial,2,57.1,6,rural,0,premium,2,2.1,70456,34,6,8.8,spring,1,0.1,0.157,LOW,0
commercial,2,384.3,1,urban,2,basic,0,3.2,140804,53,91,11.4,winter,0,0.8,0.571,MEDIUM,1
renovation,1,286.9,1,rural,0,basic,0,3.5,108838,83,54,10.6,autumn,3,0.3,0.179,LOW,1
house,0,236.4,2,suburban,1,premium,2,3.0,27286,32,46,13.5,summer,2,0.1,0.551,MEDIUM,1
landscaping,3,227.1,1,urban,2,basic,0,3.4,172175,9,23,8.6,winter,0,0.8,0.656,HIGH,1
house,0,353.7,4,suburban,1,standard,1,4.5,147607,79,56,8.3,autumn,3,0.3,0.247,LOW,1
landscaping,3,426.4,3,suburban,1,premium,2,1.5,60674,77,17,7.0,winter,0,0.8,0.067,LOW,1
renovation,1,444.8,3,suburban,1,premium,2,1.1,84899,63,16,12.2,winter,0,0.8,0.21,LOW,0
landscaping,3,61.5,6,suburban,1,premium,2,2.9,40436,110,5,14.5,summer,2,0.1,0.0,LOW,0
renovation,1,64.8,2,urban,2,premium,2,3.1,197897,26,7,15.0,spring,1,0.1,0.122,LOW,0
renovation,1,133.5,6,suburban,1,premium,2,3.9,123640,61,15,5.9,winter,0,0.8,0.173,LOW,0
house,0,338.7,3,urban,2,basic,0,4.7,78949,8,46,10.1,summer,2,0.1,0.557,MEDIUM,0
renovation,1,408.1,5,rural,0,standard,1,1.4,14488,42,14,11.6,spring,1,0.1,0.277,LOW,0
commercial,2,383.3,7,urban,2,standard,1,3.7,152908,105,45,10.2,winter,0,0.8,0.204,LOW,0
commercial,2,109.8,1,rural,0,premium,2,2.4,81197,64,42,13.7,summer,2,0.1,0.212,LOW,0
renovation,1,337.4,4,urban,2,standard,1,4.4,110621,68,45,2.8,winter,0,0.8,0.325,LOW,0
renovation,1,157.3,3,urban,2,premium,2,1.7,121955,8,9,6.7,spring,1,0.1,0.342,LOW,0
renovation,1,118.3,1,urban,2,premium,2,3.3,31062,96,27,7.0,summer,2,0.1,0.302,LOW,0
house,0,288.2,1,rural,0,basic,0,2.1,188118,100,64,3.8,winter,0,0.8,0.286,LOW,1
commercial,2,247.7,6,urban,2,basic,0,1.9,121084,28,19,1.4,autumn,3,0.3,0.285,LOW,1
house,0,246.9,7,suburban,1,premium,2,1.8,22235,107,16,11.3,summer,2,0.1,0.14,LOW,0
commercial,2,248.1,6,suburban,1,basic,0,1.1,176441,41,8,12.5,autumn,3,0.3,0.056,LOW,1
commercial,2,398.4,1,suburban,1,basic,0,4.6,178183,110,153,11.2,winter,0,0.8,0.517,MEDIUM,1
renovation,1,74.3,3,suburban,1,standard,1,4.3,142833,44,12,1.9,autumn,3,0.3,0.48,MEDIUM,1
landscaping,3,381.6,5,rural,0,standard,1,4.4,199538,41,32,8.8,spring,1,0.1,0.121,LOW,0
commercial,2,481.7,3,urban,2,standard,1,2.4,157829,81,87,0.7,summer,2,0.1,0.126,LOW,0
landscaping,3,37.4,7,rural,0,standard,1,4.1,126630,102,5,5.0,winter,0,0.8,0.307,LOW,0
commercial,2,32.5,3,rural,0,standard,1,3.5,173564,16,7,6.2,winter,0,0.8,0.044,LOW,0
commercial,2,374.5,2,suburban,1,basic,0,3.8,80900,26,71,8.8,spring,1,0.1,0.534,MEDIUM,1
house,0,204.6,4,rural,0,standard,1,3.1,46269,57,28,6.9,autumn,3,0.3,0.079,LOW,1
landscaping,3,246.7,6,rural,0,basic,0,3.4,15403,17,12,12.6,summer,2,0.1,0.282,LOW,1
commercial,2,81.7,3,rural,0,basic,0,1.7,102570,47,6,9.8,autumn,3,0.3,0.125,LOW,0
landscaping,3,290.7,1,suburban,1,standard,1,3.5,121864,21,59,3.5,autumn,3,0.3,0.588,MEDIUM,1
house,0,242.9,6,rural,0,standard,1,1.7,8733,118,24,0.9,autumn,3,0.3,0.414,MEDIUM,1
renovation,1,243.8,4,rural,0,premium,2,4.8,109507,62,43,14.3,summer,2,0.1,0.286,LOW,0
house,0,421.9,2,rural,0,standard,1,4.7,118722,78,180,1.9,autumn,3,0.3,0.799,HIGH,1
landscaping,3,360.2,5,suburban,1,premium,2,2.7,21490,90,20,13.3,winter,0,0.8,0.457,MEDIUM,1
house,0,129.3,5,suburban,1,basic,0,4.9,138273,33,16,11.2,summer,2,0.1,0.117,LOW,1
commercial,2,498.7,4,suburban,1,standard,1,1.9,139786,101,40,14.6,winter,0,0.8,0.073,LOW,1
landscaping,3,59.3,4,rural,0,premium,2,2.4,89902,18,5,12.3,spring,1,0.1,0.131,LOW,1
commercial,2,70.0,3,urban,2,standard,1,4.2,86163,64,17,3.8,winter,0,0.8,0.324,LOW,0
landscaping,3,77.5,4,urban,2,standard,1,2.8,108327,43,5,11.5,summer,2,0.1,0.104,LOW,0
house,0,160.8,3,rural,0,basic,0,2.3,63380,100,23,0.8,autumn,3,0.3,0.295,LOW,0
commercial,2,196.2,5,suburban,1,premium,2,1.3,46049,92,12,13.5,summer,2,0.1,0.115,LOW,0
renovation,1,493.8,7,rural,0,premium,2,1.4,166716,17,20,8.7,autumn,3,0.3,0.391,MEDIUM,0
house,0,302.9,6,rural,0,basic,0,2.2,5612,66,19,7.6,spring,1,0.1,0.176,LOW,0
commercial,2,174.0,1,suburban,1,premium,2,3.9,59974,104,94,7.1,autumn,3,0.3,0.275,LOW,0
renovation,1,343.6,1,urban,2,premium,2,4.4,66206,69,149,2.3,spring,1,0.1,0.823,HIGH,1
commercial,2,389.6,4,urban,2,standard,1,1.1,106938,83,16,11.3,spring,1,0.1,0.009,LOW,0
landscaping,3,424.0,7,urban,2,premium,2,1.5,160945,22,12,5.3,summer,2,0.1,0.101,LOW,0
commercial,2,89.2,5,urban,2,premium,2,4.6,164482,12,19,8.7,autumn,3,0.3,0.646,HIGH,1
commercial,2,260.1,7,suburban,1,basic,0,2.6,194196,78,22,5.9,summer,2,0.1,0.092,LOW,0
commercial,2,298.3,4,urban,2,basic,0,1.7,171581,9,22,3.2,autumn,3,0.3,0.595,MEDIUM,0
commercial,2,465.7,7,urban,2,premium,2,3.3,32885,84,84,4.2,winter,0,0.8,0.668,HIGH,1
landscaping,3,450.2,4,suburban,1,premium,2,3.2,169799,75,47,3.0,spring,1,0.1,0.245,LOW,0
house,0,132.6,2,urban,2,standard,1,3.1,119842,10,30,0.5,spring,1,0.1,0.734,HIGH,1
landscaping,3,402.5,4,rural,0,premium,2,2.5,50251,42,28,7.1,spring,1,0.1,0.03,LOW,0
house,0,258.5,2,urban,2,premium,2,4.8,189210,78,99,3.5,winter,0,0.8,0.528,MEDIUM,1
renovation,1,250.0,1,rural,0,standard,1,4.1,141985,8,68,11.5,summer,2,0.1,0.663,HIGH,1
landscaping,3,360.9,5,rural,0,standard,1,4.1,82584,100,28,7.4,spring,1,0.1,0.195,LOW,0
landscaping,3,51.4,1,urban,2,premium,2,3.0,124950,79,7,7.3,autumn,3,0.3,0.285,LOW,0
house,0,324.4,6,urban,2,basic,0,3.2,90445,60,22,14.9,spring,1,0.1,0.119,LOW,0
commercial,2,131.3,7,urban,2,standard,1,2.9,155809,63,16,3.2,autumn,3,0.3,0.264,LOW,0
commercial,2,317.1,2,rural,0,standard,1,2.6,151400,49,60,9.9,summer,2,0.1,0.152,LOW,0
commercial,2,432.6,7,urban,2,premium,2,4.7,76348,108,139,0.8,summer,2,0.1,0.725,HIGH,1
landscaping,3,276.6,1,rural,0,basic,0,2.1,86624,94,38,0.9,summer,2,0.1,0.402,MEDIUM,1
commercial,2,468.6,4,rural,0,standard,1,3.4,132410,62,102,5.1,summer,2,0.1,0.53,MEDIUM,1
renovation,1,445.9,4,urban,2,premium,2,2.4,183022,42,29,14.5,autumn,3,0.3,0.0,LOW,0
commercial,2,361.9,7,suburban,1,standard,1,2.7,159924,105,52,2.6,summer,2,0.1,0.123,LOW,1
commercial,2,71.8,1,rural,0,premium,2,4.7,41218,86,58,7.1,autumn,3,0.3,0.27,LOW,0
landscaping,3,142.8,4,suburban,1,basic,0,2.1,71578,115,5,7.0,summer,2,0.1,0.01,LOW,0
house,0,251.4,2,suburban,1,premium,2,4.6,131266,110,74,8.9,winter,0,0.8,0.361,MEDIUM,1
commercial,2,385.8,1,suburban,1,premium,2,1.0,46427,59,71,4.1,summer,2,0.1,0.503,MEDIUM,1
landscaping,3,197.7,4,rural,0,basic,0,4.6,66206,61,23,2.1,summer,2,0.1,0.248,LOW,0
commercial,2,471.9,5,rural,0,basic,0,2.7,167035,92,70,3.0,spring,1,0.1,0.107,LOW,0
renovation,1,350.6,2,rural,0,premium,2,2.2,121236,52,39,9.7,spring,1,0.1,0.077,LOW,0
renovation,1,196.9,3,rural,0,basic,0,2.4,147935,74,11,8.9,autumn,3,0.3,0.0,LOW,1
commercial,2,275.9,3,urban,2,standard,1,2.6,114313,58,54,0.7,winter,0,0.8,0.345,LOW,1
renovation,1,79.1,5,rural,0,premium,2,1.3,75501,65,5,14.7,spring,1,0.1,0.003,LOW,0
landscaping,3,309.6,1,urban,2,standard,1,3.8,125304,17,44,8.2,autumn,3,0.3,0.501,MEDIUM,0
renovation,1,296.9,7,suburban,1,standard,1,3.2,53018,98,18,14.8,summer,2,0.1,0.062,LOW,1
house,0,232.7,7,rural,0,premium,2,1.6,27562,95,16,10.5,spring,1,0.1,0.102,LOW,0
house,0,318.6,1,rural,0,standard,1,1.6,139309,48,49,12.4,spring,1,0.1,0.174,LOW,0
house,0,194.9,6,suburban,1,standard,1,4.2,68995,96,35,2.8,spring,1,0.1,0.327,LOW,0
commercial,2,459.1,3,rural,0,basic,0,1.9,79293,67,41,8.9,summer,2,0.1,0.062,LOW,0
house,0,159.6,3,suburban,1,standard,1,1.1,137444,64,6,10.4,autumn,3,0.3,0.036,LOW,0
landscaping,3,253.5,4,rural,0,premium,2,2.0,132561,24,16,5.3,autumn,3,0.3,0.166,LOW,1
commercial,2,135.3,4,rural,0,basic,0,1.5,124495,113,13,1.1,summer,2,0.1,0.249,LOW,0
renovation,1,138.8,3,urban,2,standard,1,2.6,167561,110,10,5.1,summer,2,0.1,0.0,LOW,1
renovation,1,482.3,3,rural,0,premium,2,2.4,85569,64,48,8.3,summer,2,0.1,0.016,LOW,0
commercial,2,165.4,3,urban,2,premium,2,1.1,181914,10,11,6.6,spring,1,0.1,0.0,LOW,1
renovation,1,291.8,6,urban,2,premium,2,2.3,193892,37,15,14.4,autumn,3,0.3,0.024,LOW,1
landscaping,3,469.1,3,urban,2,standard,1,2.5,66734,86,23,6.3,winter,0,0.8,0.13,LOW,0
landscaping,3,348.4,5,urban,2,basic,0,2.6,91561,51,10,10.0,spring,1,0.1,0.0,LOW,1
renovation,1,141.5,4,suburban,1,standard,1,2.5,183437,38,8,6.8,spring,1,0.1,0.0,LOW,0
house,0,159.0,2,suburban,1,standard,1,3.3,68416,69,33,4.4,spring,1,0.1,0.061,LOW,1
landscaping,3,483.9,4,suburban,1,standard,1,1.9,46123,38,16,10.2,summer,2,0.1,0.171,LOW,1
house,0,218.1,7,suburban,1,premium,2,2.1,198115,9,16,15.0,summer,2,0.1,0.448,MEDIUM,1
renovation,1,232.6,3,rural,0,premium,2,4.8,40331,89,46,13.4,winter,0,0.8,0.264,LOW,0
landscaping,3,461.0,1,suburban,1,basic,0,1.6,38333,118,26,6.9,autumn,3,0.3,0.289,LOW,0
commercial,2,354.5,6,urban,2,basic,0,1.4,8236,84,19,2.8,summer,2,0.1,0.327,LOW,0
commercial,2,140.4,5,urban,2,basic,0,4.3,195065,87,23,3.9,spring,1,0.1,0.334,LOW,1
renovation,1,227.2,6,suburban,1,basic,0,1.9,86901,24,6,12.9,autumn,3,0.3,0.076,LOW,1
commercial,2,397.4,3,suburban,1,premium,2,2.2,12850,82,66,5.8,autumn,3,0.3,0.343,LOW,0
renovation,1,59.1,3,rural,0,premium,2,3.8,57941,13,14,2.4,winter,0,0.8,0.283,LOW,0
landscaping,3,73.8,5,urban,2,premium,2,4.3,162102,87,8,3.8,summer,2,0.1,0.373,MEDIUM,1
house,0,74.8,4,urban,2,basic,0,1.2,127159,107,5,1.7,winter,0,0.8,0.222,LOW,0
renovation,1,54.1,4,urban,2,premium,2,4.0,146868,21,6,6.2,spring,1,0.1,0.216,LOW,0
renovation,1,298.8,5,suburban,1,premium,2,4.0,35010,26,33,11.1,autumn,3,0.3,0.499,MEDIUM,1
house,0,89.0,2,urban,2,basic,0,1.2,11761,51,5,5.4,autumn,3,0.3,0.091,LOW,0
house,0,488.7,4,urban,2,standard,1,4.5,179660,42,105,2.3,winter,0,0.8,0.652,HIGH,1
landscaping,3,334.6,4,rural,0,premium,2,3.7,166083,15,33,8.4,autumn,3,0.3,0.451,MEDIUM,0
landscaping,3,338.5,3,urban,2,basic,0,2.4,135898,99,11,14.9,autumn,3,0.3,0.0,LOW,0
commercial,2,267.2,4,urban,2,basic,0,4.9,159795,41,41,8.9,autumn,3,0.3,0.253,LOW,0
commercial,2,249.8,2,rural,0,premium,2,2.7,92056,72,80,5.3,spring,1,0.1,0.073,LOW,1
house,0,124.7,5,rural,0,standard,1,2.7,59393,17,13,8.6,summer,2,0.1,0.066,LOW,0
house,0,414.6,7,urban,2,basic,0,2.9,100985,102,30,4.8,winter,0,0.8,0.172,LOW,0
landscaping,3,148.9,4,rural,0,standard,1,1.4,29561,46,6,1.9,autumn,3,0.3,0.323,LOW,0
renovation,1,101.3,3,rural,0,premium,2,3.4,122614,22,23,0.6,autumn,3,0.3,0.23,LOW,0
commercial,2,97.4,5,suburban,1,standard,1,2.9,188897,103,11,9.6,autumn,3,0.3,0.079,LOW,0
landscaping,3,58.2,5,rural,0,premium,2,3.4,170642,113,7,2.1,spring,1,0.1,0.309,LOW,0
commercial,2,309.2,4,rural,0,basic,0,2.3,95741,79,30,9.5,autumn,3,0.3,0.091,LOW,1
renovation,1,256.9,2,urban,2,basic,0,2.7,111888,30,16,7.6,winter,0,0.8,0.107,LOW,1
house,0,217.0,7,suburban,1,standard,1,4.6,117492,109,28,7.8,autumn,3,0.3,0.144,LOW,0
landscaping,3,312.4,6,rural,0,basic,0,4.2,173287,28,27,2.6,autumn,3,0.3,0.323,LOW,0
commercial,2,277.0,5,rural,0,standard,1,4.6,159477,39,61,12.6,spring,1,0.1,0.583,MEDIUM,1
house,0,149.2,5,rural,0,premium,2,2.1,47489,74,19,5.2,autumn,3,0.3,0.006,LOW,0
house,0,50.0,4,rural,0,basic,0,2.3,134686,20,5,2.3,winter,0,0.8,0.105,LOW,1
house,0,464.4,6,urban,2,basic,0,4.7,131709,115,47,13.5,autumn,3,0.3,0.209,LOW,0
house,0,170.4,3,rural,0,premium,2,1.0,143867,23,10,8.5,winter,0,0.8,0.06,LOW,0
landscaping,3,413.2,5,suburban,1,basic,0,4.8,115320,79,25,8.5,spring,1,0.1,0.222,LOW,0
house,0,343.1,5,rural,0,premium,2,2.6,51858,7,54,5.1,summer,2,0.1,0.379,MEDIUM,0
renovation,1,494.0,3,urban,2,premium,2,3.1,175356,105,48,13.4,summer,2,0.1,0.103,LOW,0
commercial,2,253.9,1,rural,0,standard,1,2.6,136139,76,83,9.1,spring,1,0.1,0.149,LOW,0
renovation,1,377.1,5,suburban,1,standard,1,3.3,140217,115,35,4.2,summer,2,0.1,0.221,LOW,0
house,0,497.5,3,urban,2,premium,2,3.5,41395,66,81,11.6,spring,1,0.1,0.522,MEDIUM,1
landscaping,3,404.4,3,urban,2,standard,1,1.8,29482,48,13,8.1,winter,0,0.8,0.136,LOW,0
commercial,2,160.6,1,urban,2,premium,2,1.3,16120,45,26,14.6,autumn,3,0.3,0.175,LOW,0
commercial,2,52.6,2,urban,2,standard,1,4.3,13108,49,16,4.4,autumn,3,0.3,0.26,LOW,0
renovation,1,336.9,4,suburban,1,standard,1,4.6,162935,65,53,2.5,spring,1,0.1,0.339,LOW,0
landscaping,3,456.6,4,rural,0,basic,0,1.8,141839,116,16,5.4,summer,2,0.1,0.098,LOW,0
renovation,1,374.2,1,suburban,1,basic,0,4.9,167475,60,99,5.3,autumn,3,0.3,0.715,HIGH,1
landscaping,3,216.1,1,urban,2,premium,2,3.7,64912,98,39,14.1,spring,1,0.1,0.16,LOW,0
landscaping,3,304.7,7,rural,0,standard,1,2.4,164075,35,14,5.4,spring,1,0.1,0.061,LOW,0
commercial,2,339.3,1,urban,2,basic,0,1.4,27257,99,36,13.2,autumn,3,0.3,0.22,LOW,1
commercial,2,30.1,3,rural,0,premium,2,3.6,91197,44,8,7.1,spring,1,0.1,0.093,LOW,0
house,0,93.6,1,suburban,1,standard,1,1.6,98096,13,12,8.1,winter,0,0.8,0.102,LOW,1
house,0,169.8,4,rural,0,premium,2,2.6,36719,23,23,9.5,spring,1,0.1,0.1,LOW,0
landscaping,3,49.7,2,rural,0,standard,1,4.5,117511,30,6,12.1,summer,2,0.1,0.168,LOW,0
house,0,295.9,6,rural,0,basic,0,1.6,38557,35,20,2.6,winter,0,0.8,0.11,LOW,0
landscaping,3,310.0,1,rural,0,premium,2,3.1,67229,54,62,9.0,spring,1,0.1,0.476,MEDIUM,0
landscaping,3,254.1,4,rural,0,premium,2,4.7,75160,96,41,4.5,summer,2,0.1,0.398,MEDIUM,0
commercial,2,441.3,7,suburban,1,standard,1,2.3,81857,50,58,1.1,summer,2,0.1,0.441,MEDIUM,1
commercial,2,302.9,5,suburban,1,standard,1,1.0,179538,80,12,12.2,autumn,3,0.3,0.12,LOW,0
landscaping,3,491.8,5,rural,0,premium,2,1.1,49205,113,19,2.4,autumn,3,0.3,0.168,LOW,0
commercial,2,209.0,6,rural,0,standard,1,1.5,41910,88,16,6.1,summer,2,0.1,0.0,LOW,0
landscaping,3,52.7,2,rural,0,premium,2,2.8,43885,74,6,5.6,spring,1,0.1,0.12,LOW,0
renovation,1,418.2,6,rural,0,standard,1,2.9,91850,91,31,6.5,autumn,3,0.3,0.122,LOW,0
commercial,2,314.4,4,rural,0,basic,0,1.1,98275,64,19,3.2,summer,2,0.1,0.022,LOW,0
renovation,1,388.9,3,suburban,1,premium,2,1.9,134972,21,25,9.6,spring,1,0.1,0.162,LOW,0
landscaping,3,378.9,5,urban,2,premium,2,2.5,14974,117,18,12.9,summer,2,0.1,0.4,MEDIUM,1
commercial,2,157.2,2,suburban,1,premium,2,1.6,103611,91,32,0.9,autumn,3,0.3,0.291,LOW,0
landscaping,3,497.5,1,rural,0,premium,2,3.2,192159,77,161,1.9,summer,2,0.1,0.719,HIGH,1
renovation,1,117.1,1,rural,0,premium,2,3.6,13889,113,36,9.0,autumn,3,0.3,0.321,LOW,0
renovation,1,470.4,1,urban,2,premium,2,1.5,29040,118,46,10.4,winter,0,0.8,0.413,MEDIUM,0
house,0,354.6,5,rural,0,premium,2,4.8,32799,19,131,1.8,winter,0,0.8,1.0,HIGH,1
house,0,346.0,7,suburban,1,basic,0,3.7,130155,33,29,11.6,spring,1,0.1,0.093,LOW,0
house,0,302.4,4,urban,2,basic,0,1.7,24193,73,13,14.5,winter,0,0.8,0.19,LOW,1
renovation,1,83.9,5,urban,2,standard,1,1.9,23908,88,5,12.1,summer,2,0.1,0.046,LOW,0
house,0,253.3,7,urban,2,premium,2,4.1,90225,117,41,5.6,autumn,3,0.3,0.336,LOW,1
landscaping,3,143.1,6,rural,0,basic,0,4.8,147397,94,11,6.3,autumn,3,0.3,0.162,LOW,1
house,0,115.0,6,rural,0,premium,2,1.8,163041,98,10,6.6,summer,2,0.1,0.076,LOW,1
commercial,2,408.0,5,rural,0,premium,2,1.7,191653,105,65,2.5,autumn,3,0.3,0.163,LOW,0
renovation,1,219.3,7,rural,0,basic,0,3.3,16540,34,13,10.3,spring,1,0.1,0.339,LOW,0
renovation,1,104.6,7,rural,0,premium,2,3.3,89640,91,10,14.9,summer,2,0.1,0.102,LOW,0
commercial,2,344.5,3,suburban,1,standard,1,3.8,119859,83,65,9.1,winter,0,0.8,0.145,LOW,0
commercial,2,251.7,7,suburban,1,standard,1,2.3,48797,94,20,11.3,spring,1,0.1,0.0,LOW,0
renovation,1,396.7,4,suburban,1,premium,2,3.8,69459,115,50,6.5,winter,0,0.8,0.119,LOW,0
house,0,91.3,1,rural,0,standard,1,1.5,55960,98,14,9.2,autumn,3,0.3,0.133,LOW,0
landscaping,3,33.0,6,urban,2,standard,1,4.6,52303,12,5,0.8,winter,0,0.8,0.447,MEDIUM,1
house,0,112.0,3,urban,2,basic,0,1.2,11032,70,5,8.5,winter,0,0.8,0.061,LOW,0
landscaping,3,451.4,4,suburban,1,premium,2,2.1,101432,113,21,9.0,summer,2,0.1,0.023,LOW,0
house,0,409.9,1,urban,2,basic,0,4.0,183043,7,120,5.2,spring,1,0.1,0.493,MEDIUM,0
renovation,1,401.6,2,urban,2,premium,2,2.2,113251,12,34,9.0,autumn,3,0.3,0.393,MEDIUM,1
commercial,2,113.3,7,rural,0,basic,0,1.7,106025,24,8,4.6,summer,2,0.1,0.14,LOW,1
house,0,36.5,7,rural,0,standard,1,4.5,65216,32,5,14.0,winter,0,0.8,0.184,LOW,0
renovation,1,446.5,7,urban,2,basic,0,3.7,162505,117,22,10.3,autumn,3,0.3,0.216,LOW,1
house,0,368.5,7,suburban,1,basic,0,1.5,129505,69,17,3.9,spring,1,0.1,0.239,LOW,0
landscaping,3,133.7,5,urban,2,premium,2,1.1,45844,19,5,10.3,summer,2,0.1,0.008,LOW,0
landscaping,3,387.2,2,urban,2,basic,0,3.7,186681,109,25,14.7,winter,0,0.8,0.159,LOW,1
commercial,2,172.6,3,rural,0,basic,0,4.5,34517,37,37,14.5,autumn,3,0.3,0.159,LOW,0
renovation,1,345.7,5,rural,0,standard,1,2.7,128244,76,28,5.8,autumn,3,0.3,0.0,LOW,0
commercial,2,177.2,5,rural,0,premium,2,1.9,84038,89,21,8.1,summer,2,0.1,0.144,LOW,1
landscaping,3,417.8,7,suburban,1,basic,0,4.0,179914,61,28,2.6,summer,2,0.1,0.342,LOW,0
landscaping,3,42.0,1,suburban,1,basic,0,1.2,99804,110,5,12.3,autumn,3,0.3,0.046,LOW,0
house,0,258.3,1,urban,2,standard,1,2.2,172446,33,43,11.9,spring,1,0.1,0.265,LOW,1
house,0,75.8,6,rural,0,standard,1,3.7,69665,87,10,10.2,spring,1,0.1,0.006,LOW,0
landscaping,3,173.8,4,urban,2,premium,2,4.2,172977,84,15,7.0,spring,1,0.1,0.127,LOW,0
landscaping,3,140.7,3,suburban,1,standard,1,4.2,189421,102,11,11.9,winter,0,0.8,0.291,LOW,1
house,0,311.0,6,rural,0,standard,1,2.0,175243,115,35,1.3,autumn,3,0.3,0.273,LOW,0
commercial,2,429.1,4,suburban,1,basic,0,1.8,165008,48,26,8.5,spring,1,0.1,0.0,LOW,0
house,0,270.2,7,rural,0,standard,1,2.9,159647,54,26,12.5,autumn,3,0.3,0.122,LOW,0
landscaping,3,424.3,7,rural,0,basic,0,3.8,184827,101,22,13.2,winter,0,0.8,0.225,LOW,0
commercial,2,221.7,6,urban,2,basic,0,2.3,18829,33,13,10.3,summer,2,0.1,0.136,LOW,0
landscaping,3,146.9,7,rural,0,standard,1,4.5,30796,110,12,6.2,autumn,3,0.3,0.158,LOW,0
landscaping,3,285.8,1,rural,0,premium,2,1.2,54850,84,27,5.5,spring,1,0.1,0.164,LOW,0
renovation,1,443.6,7,urban,2,standard,1,1.5,86093,20,11,14.7,spring,1,0.1,0.01,LOW,0
renovation,1,341.7,6,suburban,1,standard,1,2.7,87327,28,25,3.3,summer,2,0.1,0.174,LOW,0
landscaping,3,226.9,1,rural,0,basic,0,2.1,13982,10,19,7.9,spring,1,0.1,0.724,HIGH,1
landscaping,3,310.1,7,suburban,1,standard,1,4.4,55623,70,23,5.5,summer,2,0.1,0.121,LOW,0
landscaping,3,226.8,1,rural,0,standard,1,1.4,112996,92,16,12.7,summer,2,0.1,0.158,LOW,0
renovation,1,86.6,6,urban,2,premium,2,4.5,145943,103,9,10.7,autumn,3,0.3,0.192,LOW,0
renovation,1,64.3,3,suburban,1,basic,0,3.5,145150,111,5,11.4,spring,1,0.1,0.144,LOW,0
commercial,2,139.3,2,rural,0,standard,1,1.8,12597,19,28,1.7,summer,2,0.1,0.7,HIGH,1
landscaping,3,377.4,3,suburban,1,standard,1,3.7,104234,85,27,11.7,summer,2,0.1,0.094,LOW,0
landscaping,3,281.4,4,urban,2,premium,2,5.0,99230,112,28,8.7,spring,1,0.1,0.166,LOW,0
commercial,2,446.7,1,suburban,1,premium,2,4.4,23987,27,270,8.3,spring,1,0.1,1.0,HIGH,1
landscaping,3,183.2,2,suburban,1,basic,0,1.9,164680,26,7,12.5,autumn,3,0.3,0.0,LOW,0
commercial,2,143.3,7,suburban,1,premium,2,1.7,88490,63,14,4.7,autumn,3,0.3,0.213,LOW,0
renovation,1,441.7,4,suburban,1,standard,1,4.2,148795,48,66,2.0,summer,2,0.1,0.551,MEDIUM,0
landscaping,3,169.9,1,suburban,1,basic,0,2.3,136433,85,12,11.9,spring,1,0.1,0.034,LOW,0
renovation,1,88.2,4,urban,2,premium,2,1.1,153373,7,5,12.4,winter,0,0.8,0.139,LOW,0
landscaping,3,479.1,3,urban,2,basic,0,4.0,32105,67,27,7.5,autumn,3,0.3,0.272,LOW,0
commercial,2,423.1,3,urban,2,basic,0,1.1,161581,13,22,3.4,autumn,3,0.3,0.487,MEDIUM,0
landscaping,3,207.2,4,rural,0,premium,2,4.0,91863,102,22,10.5,summer,2,0.1,0.144,LOW,0
renovation,1,266.6,6,suburban,1,premium,2,3.6,85185,7,36,2.8,spring,1,0.1,0.619,HIGH,1
landscaping,3,71.1,2,suburban,1,basic,0,1.9,41262,29,5,4.5,autumn,3,0.3,0.221,LOW,1
landscaping,3,195.6,7,urban,2,standard,1,3.8,171321,97,9,14.2,autumn,3,0.3,0.058,LOW,0
house,0,81.1,7,suburban,1,premium,2,3.5,98160,35,12,5.5,winter,0,0.8,0.256,LOW,0
house,0,98.6,1,rural,0,premium,2,3.1,150415,64,40,9.6,summer,2,0.1,0.272,LOW,0
renovation,1,187.4,6,urban,2,premium,2,3.7,185630,16,23,2.7,winter,0,0.8,0.699,HIGH,1
landscaping,3,412.8,6,suburban,1,standard,1,2.0,88070,69,12,10.0,winter,0,0.8,0.093,LOW,1
house,0,305.7,7,rural,0,standard,1,4.0,143970,70,43,7.3,spring,1,0.1,0.27,LOW,0
renovation,1,81.6,7,suburban,1,standard,1,2.7,43872,66,6,0.9,autumn,3,0.3,0.318,LOW,0
landscaping,3,56.2,5,urban,2,premium,2,2.4,21979,47,5,1.7,spring,1,0.1,0.189,LOW,0
commercial,2,72.2,5,rural,0,standard,1,4.4,82468,68,15,12.3,winter,0,0.8,0.199,LOW,0
commercial,2,298.1,6,suburban,1,basic,0,1.8,149605,27,17,6.9,winter,0,0.8,0.036,LOW,0
renovation,1,442.0,2,suburban,1,standard,1,1.7,183715,88,33,3.4,summer,2,0.1,0.188,LOW,0
landscaping,3,31.8,3,rural,0,premium,2,4.0,121499,113,6,1.3,autumn,3,0.3,0.293,LOW,0
commercial,2,131.8,7,suburban,1,basic,0,4.0,184246,95,14,10.5,autumn,3,0.3,0.082,LOW,0
landscaping,3,419.8,3,suburban,1,basic,0,2.4,182362,23,20,4.8,summer,2,0.1,0.096,LOW,0
house,0,370.8,1,urban,2,basic,0,4.4,75835,58,98,12.0,winter,0,0.8,0.75,HIGH,1
commercial,2,189.4,4,urban,2,basic,0,4.2,169783,68,26,7.0,spring,1,0.1,0.064,LOW,0
renovation,1,212.1,5,urban,2,basic,0,2.9,125745,26,13,3.2,spring,1,0.1,0.16,LOW,0
commercial,2,125.9,7,urban,2,standard,1,2.9,10239,90,16,3.6,autumn,3,0.3,0.523,MEDIUM,1
renovation,1,479.9,6,suburban,1,premium,2,4.2,63435,96,52,8.1,spring,1,0.1,0.351,MEDIUM,0
renovation,1,240.0,2,urban,2,premium,2,3.0,88609,46,45,1.1,autumn,3,0.3,0.425,MEDIUM,0
landscaping,3,341.8,6,rural,0,premium,2,1.6,148943,26,12,11.1,spring,1,0.1,0.08,LOW,0
landscaping,3,391.8,4,urban,2,standard,1,2.7,65335,50,16,9.9,autumn,3,0.3,0.0,LOW,1
house,0,86.1,4,urban,2,basic,0,4.4,124756,57,13,3.3,spring,1,0.1,0.271,LOW,0
commercial,2,127.3,5,urban,2,basic,0,1.4,156476,65,5,10.4,winter,0,0.8,0.035,LOW,1
renovation,1,377.7,5,suburban,1,standard,1,3.1,128888,99,32,4.7,spring,1,0.1,0.164,LOW,0
landscaping,3,423.2,6,rural,0,standard,1,4.4,135051,41,42,4.9,autumn,3,0.3,0.233,LOW,0
commercial,2,120.6,7,urban,2,standard,1,2.0,15301,23,11,2.3,autumn,3,0.3,0.141,LOW,0
house,0,295.3,4,suburban,1,standard,1,1.7,142948,91,17,9.4,autumn,3,0.3,0.124,LOW,0
renovation,1,463.6,1,urban,2,premium,2,3.9,40838,57,117,7.6,summer,2,0.1,0.765,HIGH,1
house,0,146.9,2,urban,2,basic,0,3.1,70216,59,16,11.1,summer,2,0.1,0.123,LOW,0
house,0,394.0,2,rural,0,standard,1,2.7,133370,60,64,11.4,winter,0,0.8,0.141,LOW,0
renovation,1,62.8,4,suburban,1,premium,2,4.7,102963,7,8,11.0,spring,1,0.1,0.477,MEDIUM,1
landscaping,3,178.5,2,suburban,1,premium,2,4.7,7341,23,26,9.5,spring,1,0.1,0.573,MEDIUM,1
landscaping,3,346.2,5,suburban,1,basic,0,3.1,124766,45,13,7.5,autumn,3,0.3,0.066,LOW,0
renovation,1,79.9,4,urban,2,basic,0,2.0,43017,116,5,12.5,autumn,3,0.3,0.006,LOW,1
commercial,2,249.1,7,rural,0,basic,0,1.1,15285,93,14,2.2,summer,2,0.1,0.169,LOW,0
landscaping,3,426.7,2,urban,2,basic,0,1.4,81686,90,11,7.0,summer,2,0.1,0.026,LOW,0
house,0,186.2,5,suburban,1,basic,0,4.5,50115,93,21,11.6,spring,1,0.1,0.253,LOW,1
landscaping,3,436.6,7,urban,2,premium,2,2.1,105856,48,15,9.6,autumn,3,0.3,0.121,LOW,0
landscaping,3,386.2,6,urban,2,standard,1,1.7,23650,40,13,1.3,autumn,3,0.3,0.477,MEDIUM,1
landscaping,3,316.9,6,suburban,1,basic,0,1.3,66891,9,5,12.9,winter,0,0.8,0.092,LOW,0
house,0,76.8,3,rural,0,standard,1,4.0,108901,107,14,9.2,winter,0,0.8,0.046,LOW,0
commercial,2,468.3,4,rural,0,premium,2,1.5,118436,66,48,12.1,summer,2,0.1,0.0,LOW,0
renovation,1,120.2,4,suburban,1,premium,2,3.5,30601,56,12,12.8,autumn,3,0.3,0.125,LOW,0
house,0,219.1,3,urban,2,basic,0,2.2,40889,91,16,5.9,summer,2,0.1,0.0,LOW,0
commercial,2,473.8,7,urban,2,basic,0,2.3,96369,115,29,6.9,autumn,3,0.3,0.149,LOW,0
renovation,1,477.5,6,suburban,1,basic,0,4.1,87974,86,31,12.2,spring,1,0.1,0.124,LOW,0
commercial,2,209.6,1,rural,0,standard,1,1.3,109981,60,35,9.7,summer,2,0.1,0.134,LOW,0
commercial,2,489.2,2,rural,0,standard,1,4.0,188560,118,145,12.3,winter,0,0.8,0.35,LOW,0
renovation,1,325.4,7,rural,0,premium,2,3.8,154237,57,50,3.5,summer,2,0.1,0.32,LOW,0
landscaping,3,60.0,3,rural,0,premium,2,2.0,44680,10,5,13.8,spring,1,0.1,0.0,LOW,0
renovation,1,220.4,2,rural,0,basic,0,4.2,89734,67,29,12.8,summer,2,0.1,0.208,LOW,0
commercial,2,337.2,2,urban,2,premium,2,4.0,81782,47,145,2.4,spring,1,0.1,0.659,HIGH,1
commercial,2,167.1,4,urban,2,standard,1,1.9,61403,7,18,2.9,summer,2,0.1,0.481,MEDIUM,1
commercial,2,57.0,3,urban,2,premium,2,3.3,136437,96,11,9.2,winter,0,0.8,0.213,LOW,0
renovation,1,359.5,1,suburban,1,basic,0,3.3,55001,55,53,10.5,summer,2,0.1,0.192,LOW,0
renovation,1,203.1,3,urban,2,basic,0,3.1,172083,55,11,10.9,spring,1,0.1,0.076,LOW,0
renovation,1,436.3,4,urban,2,standard,1,4.8,62514,36,43,14.5,spring,1,0.1,0.499,MEDIUM,0
landscaping,3,435.6,7,suburban,1,basic,0,2.7,26674,91,14,6.5,summer,2,0.1,0.386,MEDIUM,0
landscaping,3,418.4,5,suburban,1,standard,1,1.2,165427,22,8,7.9,winter,0,0.8,0.038,LOW,0
house,0,433.2,6,suburban,1,premium,2,3.5,39256,42,73,4.8,summer,2,0.1,0.916,HIGH,1
commercial,2,251.7,7,suburban,1,standard,1,1.0,19684,40,9,12.4,summer,2,0.1,0.0,LOW,0
house,0,184.7,7,urban,2,basic,0,4.6,94769,108,20,5.6,autumn,3,0.3,0.271,LOW,0
commercial,2,88.6,1,rural,0,premium,2,2.1,40939,91,48,1.6,autumn,3,0.3,0.289,LOW,0
renovation,1,118.7,4,suburban,1,basic,0,3.4,88529,69,9,4.7,autumn,3,0.3,0.192,LOW,0
commercial,2,316.5,6,suburban,1,standard,1,2.7,109431,114,36,6.1,summer,2,0.1,0.087,LOW,1
renovation,1,187.8,5,urban,2,standard,1,4.8,16161,116,17,7.9,summer,2,0.1,0.401,MEDIUM,0
house,0,480.7,5,rural,0,basic,0,3.3,60097,99,49,12.4,autumn,3,0.3,0.222,LOW,0
house,0,415.7,3,rural,0,basic,0,1.3,35132,115,21,7.9,autumn,3,0.3,0.0,LOW,0
landscaping,3,70.9,5,rural,0,standard,1,2.9,144012,76,5,5.4,spring,1,0.1,0.024,LOW,1
renovation,1,32.9,2,urban,2,standard,1,4.8,137542,69,5,9.3,spring,1,0.1,0.248,LOW,0
commercial,2,41.3,2,rural,0,premium,2,2.8,140117,23,15,3.6,summer,2,0.1,0.233,LOW,1
commercial,2,141.3,7,rural,0,standard,1,2.6,37987,108,23,2.4,spring,1,0.1,0.072,LOW,1
house,0,57.8,4,suburban,1,premium,2,3.2,140519,24,12,1.8,summer,2,0.1,0.344,LOW,0
renovation,1,430.4,3,suburban,1,premium,2,1.7,79981,85,40,0.9,winter,0,0.8,0.278,LOW,0
house,0,187.8,3,rural,0,basic,0,3.3,71704,82,23,10.7,autumn,3,0.3,0.018,LOW,0
house,0,140.9,3,rural,0,premium,2,1.0,131418,92,9,7.0,spring,1,0.1,0.153,LOW,0
landscaping,3,435.8,7,rural,0,basic,0,4.5,52609,78,26,9.0,summer,2,0.1,0.354,MEDIUM,1
house,0,73.5,6,suburban,1,premium,2,2.0,118337,79,7,4.0,spring,1,0.1,0.253,LOW,1
landscaping,3,146.4,4,rural,0,basic,0,3.8,168303,70,9,6.9,autumn,3,0.3,0.044,LOW,0
house,0,353.3,7,urban,2,basic,0,1.5,49912,61,17,1.2,winter,0,0.8,0.307,LOW,0
commercial,2,178.3,4,suburban,1,standard,1,4.8,143676,48,46,5.0,spring,1,0.1,0.355,MEDIUM,1
landscaping,3,239.0,6,rural,0,premium,2,3.6,158335,77,19,10.4,spring,1,0.1,0.153,LOW,0
house,0,71.6,7,urban,2,premium,2,1.0,100958,51,5,11.2,winter,0,0.8,0.122,LOW,1
renovation,1,44.3,2,suburban,1,standard,1,2.7,65385,9,5,2.4,spring,1,0.1,0.201,LOW,0
renovation,1,123.6,1,suburban,1,premium,2,3.5,111236,10,48,1.8,autumn,3,0.3,0.873,HIGH,1
renovation,1,157.4,3,rural,0,basic,0,2.6,142286,97,10,7.9,spring,1,0.1,0.0,LOW,1
house,0,439.6,3,urban,2,premium,2,4.2,52123,46,86,10.9,autumn,3,0.3,0.702,HIGH,1
commercial,2,155.9,1,suburban,1,standard,1,4.1,172373,84,110,0.7,spring,1,0.1,0.689,HIGH,1
renovation,1,115.9,1,suburban,1,premium,2,1.2,141805,83,11,6.4,winter,0,0.8,0.196,LOW,0
renovation,1,390.1,7,urban,2,premium,2,1.5,173131,66,14,7.0,summer,2,0.1,0.155,LOW,0
house,0,494.1,1,urban,2,standard,1,1.4,115952,19,52,13.8,spring,1,0.1,0.441,MEDIUM,1
renovation,1,297.1,5,urban,2,standard,1,1.0,55838,96,5,8.9,summer,2,0.1,0.088,LOW,0
house,0,326.9,2,rural,0,standard,1,2.8,10281,115,54,7.6,autumn,3,0.3,0.242,LOW,0
house,0,266.9,1,rural,0,standard,1,1.2,92003,18,48,2.4,winter,0,0.8,0.766,HIGH,1
house,0,437.8,5,suburban,1,standard,1,2.2,126116,44,31,12.2,spring,1,0.1,0.064,LOW,0
landscaping,3,332.6,5,urban,2,standard,1,3.0,154131,39,14,7.1,summer,2,0.1,0.016,LOW,0
renovation,1,330.3,5,suburban,1,basic,0,4.5,102341,70,25,8.4,winter,0,0.8,0.157,LOW,0
house,0,403.7,1,rural,0,standard,1,1.4,119082,104,57,13.2,spring,1,0.1,0.116,LOW,0
house,0,80.2,7,rural,0,standard,1,2.7,30172,26,7,9.6,summer,2,0.1,0.0,LOW,0
landscaping,3,53.2,7,suburban,1,premium,2,1.5,55709,44,5,6.1,autumn,3,0.3,0.194,LOW,1
house,0,243.3,7,urban,2,premium,2,3.3,186808,60,26,9.8,spring,1,0.1,0.128,LOW,1
commercial,2,153.9,5,rural,0,standard,1,4.7,9806,64,54,1.6,winter,0,0.8,0.625,HIGH,1
renovation,1,221.7,6,rural,0,premium,2,4.9,17729,81,34,10.4,summer,2,0.1,0.536,MEDIUM,1
landscaping,3,283.4,4,urban,2,premium,2,4.9,182805,108,28,9.0,winter,0,0.8,0.223,LOW,0
commercial,2,60.2,5,urban,2,standard,1,2.8,15745,8,6,7.2,spring,1,0.1,0.067,LOW,1
house,0,159.3,4,rural,0,basic,0,3.1,17881,76,16,13.8,autumn,3,0.3,0.276,LOW,0
house,0,413.9,5,suburban,1,premium,2,3.6,144488,114,100,1.3,winter,0,0.8,0.349,LOW,0
commercial,2,78.2,5,urban,2,premium,2,1.6,144569,19,6,7.0,spring,1,0.1,0.052,LOW,0
house,0,345.3,6,rural,0,premium,2,3.0,116688,108,48,12.7,spring,1,0.1,0.185,LOW,0
house,0,288.8,6,rural,0,standard,1,1.4,182668,69,23,0.9,summer,2,0.1,0.254,LOW,0
commercial,2,314.7,2,rural,0,standard,1,2.4,111563,21,55,10.4,spring,1,0.1,0.461,MEDIUM,1
commercial,2,438.7,5,urban,2,basic,0,1.7,16115,29,24,6.3,winter,0,0.8,0.255,LOW,0
commercial,2,81.5,7,suburban,1,standard,1,4.3,68714,79,15,4.6,winter,0,0.8,0.479,MEDIUM,1
commercial,2,237.1,1,urban,2,premium,2,3.5,118247,93,102,10.5,winter,0,0.8,0.359,MEDIUM,1
landscaping,3,163.4,2,suburban,1,premium,2,1.5,136858,33,8,14.5,summer,2,0.1,0.086,LOW,0
house,0,79.7,3,suburban,1,premium,2,3.4,67853,59,14,11.8,spring,1,0.1,0.151,LOW,1
commercial,2,56.4,5,rural,0,standard,1,3.0,190310,90,8,9.8,winter,0,0.8,0.043,LOW,1
house,0,45.7,6,rural,0,premium,2,1.8,158841,61,5,3.1,winter,0,0.8,0.177,LOW,0
house,0,460.0,1,rural,0,basic,0,1.1,184623,30,39,7.8,winter,0,0.8,0.462,MEDIUM,0
landscaping,3,333.6,6,suburban,1,standard,1,4.6,116916,104,22,9.1,spring,1,0.1,0.211,LOW,0
renovation,1,240.5,3,rural,0,premium,2,1.7,5453,104,20,4.8,autumn,3,0.3,0.401,MEDIUM,1
renovation,1,148.6,3,suburban,1,basic,0,2.0,176356,39,9,2.0,autumn,3,0.3,0.161,LOW,1
commercial,2,109.3,4,suburban,1,basic,0,3.2,138375,38,12,10.3,summer,2,0.1,0.02,LOW,0
house,0,172.8,6,urban,2,premium,2,2.3,117044,86,15,6.6,winter,0,0.8,0.189,LOW,0
renovation,1,91.3,3,rural,0,premium,2,3.9,168804,106,21,2.9,winter,0,0.8,0.365,MEDIUM,1
landscaping,3,196.4,1,rural,0,standard,1,2.5,49732,106,24,10.4,summer,2,0.1,0.136,LOW,0
commercial,2,48.3,5,suburban,1,basic,0,2.7,104551,79,5,6.7,autumn,3,0.3,0.0,LOW,0
house,0,33.2,6,suburban,1,basic,0,4.9,197192,109,5,2.4,summer,2,0.1,0.337,LOW,0
commercial,2,135.1,3,urban,2,premium,2,4.6,79653,18,36,7.6,spring,1,0.1,0.554,MEDIUM,0
landscaping,3,299.5,2,suburban,1,premium,2,4.7,188446,87,45,14.3,autumn,3,0.3,0.178,LOW,0
renovation,1,252.8,2,urban,2,premium,2,2.1,182881,84,24,5.6,spring,1,0.1,0.023,LOW,0
renovation,1,349.9,4,rural,0,standard,1,3.5,33489,50,34,13.5,winter,0,0.8,0.467,MEDIUM,1
renovation,1,438.2,2,urban,2,standard,1,1.4,8298,88,18,13.7,winter,0,0.8,0.265,LOW,0
commercial,2,408.6,5,rural,0,premium,2,2.1,134258,98,70,3.9,autumn,3,0.3,0.097,LOW,0
commercial,2,326.2,5,rural,0,basic,0,4.9,193049,38,61,11.1,spring,1,0.1,0.564,MEDIUM,0
landscaping,3,397.4,2,suburban,1,basic,0,2.5,22237,32,22,6.3,spring,1,0.1,0.244,LOW,0
commercial,2,363.2,7,rural,0,basic,0,4.9,165066,15,100,0.8,spring,1,0.1,0.739,HIGH,1
landscaping,3,339.2,7,urban,2,standard,1,3.3,186109,88,17,4.9,autumn,3,0.3,0.227,LOW,0
house,0,317.2,3,urban,2,basic,0,2.4,151805,36,35,1.5,spring,1,0.1,0.182,LOW,0
landscaping,3,498.2,2,rural,0,premium,2,3.5,172492,76,68,12.0,winter,0,0.8,0.199,LOW,1
landscaping,3,223.1,2,urban,2,basic,0,2.0,182492,24,11,2.6,spring,1,0.1,0.029,LOW,0
commercial,2,440.6,3,suburban,1,standard,1,2.8,72327,36,61,7.8,autumn,3,0.3,0.363,MEDIUM,1
commercial,2,430.2,1,suburban,1,standard,1,3.7,71959,78,165,10.5,summer,2,0.1,0.649,HIGH,1
renovation,1,327.1,3,rural,0,basic,0,2.8,106013,48,23,11.4,spring,1,0.1,0.059,LOW,0
house,0,442.6,1,rural,0,basic,0,1.9,163563,32,98,3.1,spring,1,0.1,0.58,MEDIUM,1
landscaping,3,62.6,1,suburban,1,standard,1,2.7,55369,19,11,0.9,autumn,3,0.3,0.338,LOW,0
house,0,359.5,5,urban,2,standard,1,3.5,74955,45,36,7.9,spring,1,0.1,0.048,LOW,0
landscaping,3,166.8,6,suburban,1,standard,1,4.2,92970,94,10,9.1,summer,2,0.1,0.204,LOW,0
house,0,68.4,6,rural,0,basic,0,2.0,183394,28,5,7.2,summer,2,0.1,0.007,LOW,1
house,0,329.4,3,rural,0,standard,1,1.5,78285,56,24,14.0,spring,1,0.1,0.002,LOW,0
house,0,172.1,1,urban,2,basic,0,1.7,84235,19,17,14.0,summer,2,0.1,0.197,LOW,0
landscaping,3,209.6,2,urban,2,basic,0,4.9,134949,54,18,9.7,summer,2,0.1,0.203,LOW,0
commercial,2,174.0,4,rural,0,basic,0,3.6,52864,100,26,7.5,autumn,3,0.3,0.175,LOW,0
landscaping,3,224.0,4,urban,2,premium,2,1.3,69528,51,6,6.4,spring,1,0.1,0.004,LOW,0
house,0,498.1,2,suburban,1,basic,0,1.8,51605,21,40,6.5,spring,1,0.1,0.357,MEDIUM,0
house,0,443.3,3,rural,0,basic,0,2.4,6383,44,40,12.9,spring,1,0.1,0.242,LOW,1
renovation,1,335.6,1,rural,0,standard,1,1.1,28713,96,25,13.5,summer,2,0.1,0.135,LOW,0
house,0,84.4,3,urban,2,premium,2,4.8,84260,50,18,7.5,summer,2,0.1,0.29,LOW,1
house,0,71.1,4,rural,0,basic,0,1.9,163674,72,6,3.4,spring,1,0.1,0.171,LOW,1
landscaping,3,165.9,3,rural,0,basic,0,1.7,115651,72,5,8.3,summer,2,0.1,0.025,LOW,0
house,0,38.0,4,rural,0,standard,1,3.1,103013,8,5,10.7,winter,0,0.8,0.033,LOW,0
renovation,1,311.7,2,urban,2,standard,1,1.1,110693,99,9,10.8,autumn,3,0.3,0.094,LOW,0
landscaping,3,89.0,1,rural,0,standard,1,4.1,99632,73,18,9.9,autumn,3,0.3,0.214,LOW,1
renovation,1,318.2,1,suburban,1,basic,0,1.3,130397,100,29,1.6,spring,1,0.1,0.335,LOW,0
commercial,2,407.7,3,suburban,1,standard,1,3.5,187212,75,73,7.1,spring,1,0.1,0.111,LOW,0
house,0,287.1,4,urban,2,premium,2,4.3,55832,83,50,12.9,spring,1,0.1,0.281,LOW,0
commercial,2,72.6,7,suburban,1,standard,1,2.8,24869,93,11,2.0,autumn,3,0.3,0.305,LOW,0
house,0,400.8,4,rural,0,standard,1,1.4,58462,86,23,10.8,autumn,3,0.3,0.105,LOW,0
renovation,1,437.3,2,suburban,1,basic,0,1.2,61382,105,19,2.8,spring,1,0.1,0.15,LOW,0
house,0,79.7,1,suburban,1,premium,2,1.3,42376,29,11,7.9,summer,2,0.1,0.25,LOW,0
landscaping,3,215.3,3,urban,2,standard,1,4.2,71488,88,16,7.6,summer,2,0.1,0.229,LOW,1
commercial,2,219.7,1,suburban,1,standard,1,4.7,146582,25,146,4.0,spring,1,0.1,0.819,HIGH,1
house,0,258.6,4,suburban,1,premium,2,3.2,195775,94,38,14.3,spring,1,0.1,0.071,LOW,0
house,0,246.5,7,suburban,1,basic,0,1.8,139469,105,10,8.4,autumn,3,0.3,0.09,LOW,0
commercial,2,240.2,2,urban,2,basic,0,2.3,59232,38,33,4.0,spring,1,0.1,0.102,LOW,0
house,0,126.8,4,rural,0,premium,2,3.7,51324,90,25,11.8,spring,1,0.1,0.078,LOW,0
commercial,2,126.3,2,urban,2,premium,2,3.3,95209,20,30,10.4,winter,0,0.8,0.517,MEDIUM,1
renovation,1,231.6,3,urban,2,standard,1,4.6,29694,23,25,8.0,summer,2,0.1,0.207,LOW,0
renovation,1,88.1,7,rural,0,basic,0,4.9,78371,38,12,1.0,summer,2,0.1,0.335,LOW,1
commercial,2,262.0,3,urban,2,basic,0,5.0,56684,112,46,8.2,summer,2,0.1,0.1,LOW,0
renovation,1,210.2,3,urban,2,basic,0,4.2,158411,106,16,11.0,autumn,3,0.3,0.103,LOW,0
commercial,2,343.5,5,rural,0,standard,1,4.0,110234,32,82,5.0,winter,0,0.8,0.654,HIGH,1
house,0,330.0,6,rural,0,basic,0,4.7,129293,96,45,8.2,spring,1,0.1,0.154,LOW,1
house,0,378.0,3,urban,2,standard,1,4.1,37783,56,91,0.9,winter,0,0.8,1.0,HIGH,1
commercial,2,497.0,3,urban,2,basic,0,3.3,110342,59,59,11.0,spring,1,0.1,0.061,LOW,0
commercial,2,125.4,2,urban,2,basic,0,3.9,31531,92,21,7.7,summer,2,0.1,0.145,LOW,0
house,0,373.1,5,rural,0,basic,0,2.0,100345,15,32,3.5,spring,1,0.1,0.523,MEDIUM,1
house,0,172.2,3,urban,2,standard,1,2.1,77031,101,13,7.9,winter,0,0.8,0.085,LOW,0
commercial,2,110.3,5,urban,2,premium,2,2.3,145996,35,16,3.5,autumn,3,0.3,0.103,LOW,1
house,0,40.3,1,suburban,1,standard,1,1.1,75219,94,5,2.5,summer,2,0.1,0.139,LOW,0
renovation,1,332.1,2,rural,0,premium,2,5.0,5426,92,124,2.8,autumn,3,0.3,0.729,HIGH,1
landscaping,3,425.8,1,urban,2,standard,1,4.8,124131,77,86,6.3,spring,1,0.1,0.544,MEDIUM,1
commercial,2,72.5,5,rural,0,premium,2,4.7,99320,84,23,6.3,spring,1,0.1,0.12,LOW,0
landscaping,3,88.0,4,suburban,1,premium,2,2.4,155704,55,6,4.4,summer,2,0.1,0.164,LOW,0
renovation,1,37.2,5,rural,0,premium,2,4.2,142910,98,5,12.2,winter,0,0.8,0.256,LOW,0
landscaping,3,112.9,6,urban,2,basic,0,4.9,157233,118,6,7.8,spring,1,0.1,0.159,LOW,0
commercial,2,265.5,7,urban,2,basic,0,2.5,169413,118,20,5.6,winter,0,0.8,0.114,LOW,0
landscaping,3,342.9,7,rural,0,standard,1,1.4,111105,64,8,7.8,winter,0,0.8,0.113,LOW,0
renovation,1,118.1,1,suburban,1,standard,1,3.9,21796,25,25,13.4,spring,1,0.1,0.117,LOW,0
house,0,84.3,4,urban,2,premium,2,3.2,125819,91,11,10.3,summer,2,0.1,0.208,LOW,1
landscaping,3,252.3,6,rural,0,standard,1,1.6,195078,81,7,13.6,spring,1,0.1,0.0,LOW,1
renovation,1,190.2,4,urban,2,basic,0,3.6,73251,79,11,10.1,summer,2,0.1,0.051,LOW,1
commercial,2,482.0,5,rural,0,premium,2,3.5,123325,12,147,3.3,winter,0,0.8,0.745,HIGH,1
house,0,294.4,3,suburban,1,standard,1,1.2,79870,46,21,2.6,autumn,3,0.3,0.05,LOW,0
renovation,1,70.0,1,suburban,1,standard,1,1.6,80940,77,6,10.9,autumn,3,0.3,0.229,LOW,0
commercial,2,168.1,6,urban,2,standard,1,1.3,146289,52,12,0.8,winter,0,0.8,0.321,LOW,0
landscaping,3,326.7,6,urban,2,premium,2,2.5,91410,97,23,0.7,spring,1,0.1,0.233,LOW,0
renovation,1,428.8,1,suburban,1,basic,0,3.1,135792,86,73,5.1,winter,0,0.8,0.198,LOW,0
commercial,2,294.1,2,rural,0,standard,1,3.6,10713,19,78,8.4,summer,2,0.1,0.682,HIGH,1
house,0,68.3,2,rural,0,standard,1,3.7,66506,17,15,7.3,spring,1,0.1,0.0,LOW,0
landscaping,3,367.1,6,rural,0,premium,2,2.1,87195,84,17,11.3,winter,0,0.8,0.064,LOW,0
house,0,246.5,6,suburban,1,premium,2,3.7,25518,58,35,9.9,autumn,3,0.3,0.295,LOW,0
house,0,64.3,6,suburban,1,premium,2,2.7,141084,64,6,10.8,spring,1,0.1,0.0,LOW,0
landscaping,3,47.6,7,rural,0,basic,0,4.1,92123,96,5,8.3,winter,0,0.8,0.272,LOW,1
commercial,2,346.6,4,rural,0,basic,0,4.4,181674,8,65,7.3,autumn,3,0.3,0.571,MEDIUM,1
commercial,2,197.7,7,urban,2,standard,1,3.0,16721,48,19,10.1,summer,2,0.1,0.328,LOW,1
renovation,1,458.7,3,rural,0,basic,0,3.1,145030,115,36,12.5,autumn,3,0.3,0.174,LOW,1
landscaping,3,312.3,4,rural,0,basic,0,3.8,130891,53,20,7.2,summer,2,0.1,0.086,LOW,0
house,0,379.0,5,suburban,1,basic,0,4.3,88224,14,46,6.5,summer,2,0.1,0.61,HIGH,1
landscaping,3,355.9,2,rural,0,basic,0,2.8,114480,33,28,5.3,winter,0,0.8,0.068,LOW,1
renovation,1,351.6,3,rural,0,premium,2,4.2,118698,22,97,1.4,summer,2,0.1,0.888,HIGH,1
house,0,184.7,6,suburban,1,basic,0,2.7,63353,106,18,1.2,summer,2,0.1,0.18,LOW,1
landscaping,3,216.1,1,suburban,1,standard,1,2.2,177755,102,20,13.8,summer,2,0.1,0.162,LOW,0
house,0,494.5,3,urban,2,premium,2,1.5,70587,60,54,2.0,autumn,3,0.3,0.326,LOW,0
renovation,1,398.7,6,suburban,1,standard,1,3.4,145683,113,35,4.2,summer,2,0.1,0.158,LOW,0
renovation,1,320.4,4,suburban,1,basic,0,3.2,27375,65,19,13.2,summer,2,0.1,0.352,MEDIUM,1
landscaping,3,148.6,4,suburban,1,standard,1,1.1,121079,56,5,15.0,spring,1,0.1,0.034,LOW,0
commercial,2,165.4,4,urban,2,basic,0,4.4,199386,119,37,1.0,spring,1,0.1,0.36,MEDIUM,1
house,0,59.4,5,rural,0,premium,2,2.6,13011,40,7,14.7,summer,2,0.1,0.098,LOW,1
landscaping,3,475.7,3,urban,2,basic,0,4.2,15795,114,34,5.7,winter,0,0.8,0.432,MEDIUM,1
landscaping,3,371.4,2,urban,2,standard,1,2.8,160308,111,23,10.9,autumn,3,0.3,0.115,LOW,0
renovation,1,85.0,6,suburban,1,standard,1,4.0,146875,73,6,7.5,winter,0,0.8,0.155,LOW,0
landscaping,3,121.6,2,urban,2,basic,0,3.0,168162,55,8,4.5,spring,1,0.1,0.023,LOW,0
house,0,142.0,1,suburban,1,basic,0,4.9,30474,30,50,6.5,spring,1,0.1,0.589,MEDIUM,1
renovation,1,482.6,7,rural,0,basic,0,1.3,97518,17,18,1.0,winter,0,0.8,0.362,MEDIUM,0
landscaping,3,293.0,5,rural,0,premium,2,4.4,138219,45,44,3.5,autumn,3,0.3,0.405,MEDIUM,0
renovation,1,72.7,5,urban,2,basic,0,1.9,169839,8,5,3.5,summer,2,0.1,0.117,LOW,0
commercial,2,324.8,5,urban,2,basic,0,4.2,41447,83,39,13.7,winter,0,0.8,0.376,MEDIUM,1
landscaping,3,67.6,5,urban,2,standard,1,4.4,50358,81,5,13.9,summer,2,0.1,0.062,LOW,0
commercial,2,147.7,6,urban,2,standard,1,3.0,16962,72,14,9.3,winter,0,0.8,0.118,LOW,1
landscaping,3,484.6,4,rural,0,standard,1,3.1,195956,103,31,8.6,spring,1,0.1,0.061,LOW,0
renovation,1,237.8,1,urban,2,premium,2,2.3,99324,71,58,0.6,winter,0,0.8,0.482,MEDIUM,1
house,0,202.2,7,urban,2,basic,0,1.0,60228,32,5,4.0,summer,2,0.1,0.125,LOW,0
commercial,2,301.2,5,suburban,1,standard,1,1.8,164656,27,21,8.6,autumn,3,0.3,0.007,LOW,0
landscaping,3,294.2,4,urban,2,premium,2,2.8,38037,87,26,1.6,autumn,3,0.3,0.321,LOW,1
house,0,157.2,4,rural,0,standard,1,4.7,103094,25,31,14.2,autumn,3,0.3,0.428,MEDIUM,0
renovation,1,344.5,6,urban,2,premium,2,2.4,145209,11,26,3.3,autumn,3,0.3,0.638,HIGH,1
house,0,243.4,3,suburban,1,standard,1,2.5,171608,100,27,6.2,spring,1,0.1,0.092,LOW,0
house,0,391.5,3,urban,2,standard,1,3.3,109029,63,46,14.2,summer,2,0.1,0.002,LOW,0
commercial,2,253.1,2,rural,0,standard,1,1.5,109688,94,28,11.8,summer,2,0.1,0.0,LOW,0
commercial,2,314.6,5,suburban,1,standard,1,1.1,24860,28,14,10.1,winter,0,0.8,0.198,LOW,0
renovation,1,124.4,6,rural,0,standard,1,2.6,99589,112,7,11.6,autumn,3,0.3,0.125,LOW,0
commercial,2,63.4,4,suburban,1,premium,2,3.2,141408,17,11,12.4,autumn,3,0.3,0.14,LOW,1
house,0,475.5,1,rural,0,standard,1,4.6,119537,111,244,6.4,spring,1,0.1,0.696,HIGH,1
landscaping,3,136.6,3,urban,2,standard,1,3.0,179476,69,7,7.7,summer,2,0.1,0.0,LOW,0
house,0,119.1,1,urban,2,basic,0,4.4,22311,24,33,6.9,winter,0,0.8,0.512,MEDIUM,1
commercial,2,305.2,3,urban,2,premium,2,2.0,67511,48,35,11.1,autumn,3,0.3,0.092,LOW,0
renovation,1,409.9,5,urban,2,premium,2,4.0,179234,94,64,1.6,winter,0,0.8,0.467,MEDIUM,1
renovation,1,402.6,6,rural,0,basic,0,2.4,162502,75,29,1.1,winter,0,0.8,0.346,LOW,0
renovation,1,315.5,5,rural,0,standard,1,2.0,113283,86,21,4.3,winter,0,0.8,0.255,LOW,0
commercial,2,38.3,5,urban,2,basic,0,3.8,8144,45,5,4.8,summer,2,0.1,0.196,LOW,0
commercial,2,405.5,2,suburban,1,premium,2,1.9,137022,100,77,4.6,autumn,3,0.3,0.176,LOW,0
house,0,198.7,5,urban,2,basic,0,4.2,62467,36,31,0.9,spring,1,0.1,0.261,LOW,0
commercial,2,221.0,6,suburban,1,premium,2,4.3,186335,59,61,4.0,autumn,3,0.3,0.275,LOW,0
renovation,1,264.2,6,suburban,1,premium,2,1.9,30438,45,14,6.5,summer,2,0.1,0.0,LOW,0
commercial,2,138.4,5,rural,0,standard,1,3.4,177934,109,22,12.5,winter,0,0.8,0.116,LOW,0
commercial,2,72.1,6,rural,0,standard,1,1.1,112188,72,5,12.2,winter,0,0.8,0.072,LOW,0
renovation,1,468.7,4,urban,2,basic,0,3.7,143216,83,48,0.6,spring,1,0.1,0.208,LOW,1
renovation,1,110.4,3,urban,2,basic,0,4.2,129663,109,8,7.4,summer,2,0.1,0.259,LOW,0
landscaping,3,64.8,7,urban,2,basic,0,5.0,146362,28,5,8.0,winter,0,0.8,0.297,LOW,0
landscaping,3,482.6,3,rural,0,premium,2,4.3,116601,69,67,7.2,spring,1,0.1,0.123,LOW,0
house,0,312.9,5,rural,0,standard,1,2.1,159604,99,25,8.6,summer,2,0.1,0.014,LOW,0
commercial,2,154.2,4,suburban,1,standard,1,1.5,174655,68,15,1.2,summer,2,0.1,0.231,LOW,1
landscaping,3,103.8,5,suburban,1,basic,0,2.8,197910,112,5,2.5,autumn,3,0.3,0.115,LOW,0
commercial,2,311.5,4,urban,2,premium,2,3.9,175576,111,62,14.1,autumn,3,0.3,0.202,LOW,0
house,0,222.8,2,rural,0,premium,2,2.2,82703,7,38,10.5,summer,2,0.1,0.412,MEDIUM,0
commercial,2,499.2,5,suburban,1,premium,2,1.4,107729,19,36,8.9,winter,0,0.8,0.556,MEDIUM,1
landscaping,3,281.6,7,rural,0,standard,1,4.3,191793,14,24,5.3,summer,2,0.1,0.573,MEDIUM,1
commercial,2,54.5,1,suburban,1,standard,1,3.7,162470,8,31,2.4,summer,2,0.1,0.607,HIGH,1
renovation,1,468.3,1,rural,0,premium,2,3.4,162838,82,138,8.0,spring,1,0.1,0.705,HIGH,1
house,0,483.9,6,urban,2,standard,1,1.9,16685,38,34,3.6,summer,2,0.1,0.395,MEDIUM,1
renovation,1,467.8,5,urban,2,basic,0,2.6,68023,80,18,13.6,autumn,3,0.3,0.0,LOW,0
commercial,2,321.0,5,suburban,1,standard,1,2.2,119193,88,39,2.9,autumn,3,0.3,0.054,LOW,0
landscaping,3,457.4,3,urban,2,basic,0,4.3,65424,67,28,9.2,spring,1,0.1,0.174,LOW,0
commercial,2,467.8,1,urban,2,premium,2,3.8,122476,76,262,5.2,spring,1,0.1,0.636,HIGH,1
landscaping,3,159.3,3,urban,2,standard,1,3.5,19022,28,10,13.2,summer,2,0.1,0.223,LOW,0
renovation,1,124.3,7,urban,2,premium,2,2.6,40032,22,10,2.7,spring,1,0.1,0.163,LOW,0
commercial,2,374.4,6,rural,0,standard,1,2.3,60558,118,54,3.3,spring,1,0.1,0.048,LOW,0
commercial,2,154.8,1,urban,2,premium,2,1.0,19649,10,20,7.2,spring,1,0.1,0.649,HIGH,1
commercial,2,467.9,6,urban,2,basic,0,1.4,169187,41,18,7.9,spring,1,0.1,0.002,LOW,1
commercial,2,467.1,7,rural,0,premium,2,4.0,99263,37,104,12.2,summer,2,0.1,0.561,MEDIUM,1
landscaping,3,228.2,7,suburban,1,standard,1,3.7,172474,14,12,9.8,summer,2,0.1,0.063,LOW,0
commercial,2,138.6,1,suburban,1,basic,0,4.2,78550,100,53,6.5,autumn,3,0.3,0.376,MEDIUM,0
house,0,131.2,7,urban,2,premium,2,2.5,152237,10,11,13.7,winter,0,0.8,0.203,LOW,0
landscaping,3,469.2,3,rural,0,premium,2,1.8,115348,74,26,8.5,winter,0,0.8,0.161,LOW,0
landscaping,3,162.4,2,urban,2,standard,1,2.3,23236,98,11,2.8,autumn,3,0.3,0.041,LOW,0
house,0,53.2,4,rural,0,basic,0,4.1,102100,92,9,4.9,spring,1,0.1,0.279,LOW,0
commercial,2,32.2,7,suburban,1,premium,2,3.3,153843,36,7,2.6,autumn,3,0.3,0.322,LOW,1
renovation,1,401.6,1,suburban,1,premium,2,2.9,92121,9,86,7.3,spring,1,0.1,0.638,HIGH,1
house,0,331.4,3,suburban,1,standard,1,3.7,142013,113,49,7.9,spring,1,0.1,0.024,LOW,1
commercial,2,468.5,2,urban,2,basic,0,2.2,29661,84,45,13.6,winter,0,0.8,0.4,MEDIUM,1
landscaping,3,82.8,2,suburban,1,basic,0,3.4,16833,62,5,12.8,spring,1,0.1,0.019,LOW,0
renovation,1,208.1,4,suburban,1,basic,0,4.1,12569,72,15,7.9,spring,1,0.1,0.454,MEDIUM,1
landscaping,3,183.1,1,urban,2,standard,1,2.2,88742,95,15,12.2,autumn,3,0.3,0.104,LOW,1
landscaping,3,407.0,1,suburban,1,standard,1,2.0,21259,20,33,13.5,winter,0,0.8,0.811,HIGH,1
house,0,244.1,2,urban,2,basic,0,2.4,126194,97,20,10.1,summer,2,0.1,0.0,LOW,0
house,0,354.3,5,suburban,1,premium,2,2.4,167998,82,35,10.3,spring,1,0.1,0.01,LOW,0
house,0,108.4,2,urban,2,basic,0,1.8,103331,91,11,1.0,spring,1,0.1,0.291,LOW,0
renovation,1,450.3,1,urban,2,standard,1,3.2,164275,69,72,13.0,summer,2,0.1,0.2,LOW,0
renovation,1,65.9,4,rural,0,standard,1,4.9,79779,42,15,0.6,summer,2,0.1,0.422,MEDIUM,0
renovation,1,329.0,5,rural,0,basic,0,2.8,168043,24,18,15.0,summer,2,0.1,0.0,LOW,1
commercial,2,155.0,5,suburban,1,premium,2,2.6,130979,56,20,14.0,summer,2,0.1,0.037,LOW,0
landscaping,3,39.6,1,urban,2,basic,0,1.5,92276,75,5,8.1,summer,2,0.1,0.196,LOW,0
landscaping,3,260.5,2,suburban,1,basic,0,4.6,93749,116,23,13.5,spring,1,0.1,0.242,LOW,1
landscaping,3,274.5,4,rural,0,basic,0,2.7,128590,117,12,9.2,spring,1,0.1,0.0,LOW,0
renovation,1,102.8,3,rural,0,premium,2,3.1,7615,29,13,9.5,winter,0,0.8,0.345,LOW,0
renovation,1,115.8,7,rural,0,standard,1,3.5,113558,87,15,0.6,winter,0,0.8,0.332,LOW,0
landscaping,3,246.2,2,urban,2,standard,1,3.6,8580,94,19,8.1,winter,0,0.8,0.337,LOW,0
house,0,497.5,1,urban,2,basic,0,4.7,139409,23,226,1.1,winter,0,0.8,0.892,HIGH,1
house,0,180.5,5,urban,2,basic,0,1.2,51143,119,5,14.5,autumn,3,0.3,0.0,LOW,1
landscaping,3,498.2,6,suburban,1,basic,0,2.0,18063,64,12,10.1,summer,2,0.1,0.266,LOW,1
landscaping,3,370.3,5,urban,2,basic,0,4.7,84568,85,29,2.8,spring,1,0.1,0.318,LOW,0
house,0,183.6,7,suburban,1,standard,1,3.8,116520,69,19,11.7,winter,0,0.8,0.178,LOW,0
commercial,2,304.4,2,urban,2,premium,2,2.9,18740,119,65,7.4,spring,1,0.1,0.244,LOW,0
landscaping,3,458.4,6,rural,0,premium,2,3.1,153973,92,33,11.2,winter,0,0.8,0.253,LOW,0
commercial,2,344.5,5,rural,0,basic,0,4.1,132960,27,54,11.7,autumn,3,0.3,0.533,MEDIUM,1
renovation,1,368.4,6,urban,2,basic,0,3.0,20043,38,16,11.7,summer,2,0.1,0.231,LOW,1
renovation,1,448.4,7,suburban,1,premium,2,4.3,106073,21,47,11.1,autumn,3,0.3,0.638,HIGH,1
commercial,2,376.4,6,rural,0,basic,0,2.6,127698,57,35,10.8,autumn,3,0.3,0.0,LOW,1
renovation,1,245.4,4,urban,2,standard,1,2.1,181468,49,10,13.4,summer,2,0.1,0.0,LOW,0
renovation,1,75.5,2,rural,0,basic,0,4.8,132257,88,15,3.6,winter,0,0.8,0.33,LOW,0
house,0,222.5,5,urban,2,premium,2,2.3,99672,31,18,13.9,autumn,3,0.3,0.099,LOW,0
renovation,1,265.9,2,rural,0,premium,2,4.7,27045,24,63,7.8,winter,0,0.8,0.865,HIGH,1
house,0,412.0,7,suburban,1,premium,2,2.1,48789,21,31,14.0,spring,1,0.1,0.599,MEDIUM,1
landscaping,3,93.7,2,suburban,1,standard,1,1.3,183441,89,5,3.2,autumn,3,0.3,0.081,LOW,0
house,0,210.1,2,rural,0,basic,0,4.8,180994,29,61,4.4,winter,0,0.8,0.732,HIGH,1
commercial,2,99.3,4,suburban,1,premium,2,1.4,25946,23,8,14.1,summer,2,0.1,0.142,LOW,1
landscaping,3,145.0,3,urban,2,basic,0,3.2,193754,98,6,14.6,winter,0,0.8,0.202,LOW,0
house,0,475.3,2,rural,0,basic,0,3.2,19263,109,117,1.2,spring,1,0.1,0.519,MEDIUM,1
commercial,2,252.5,3,suburban,1,standard,1,3.8,37093,95,51,6.8,summer,2,0.1,0.124,LOW,1
house,0,86.3,2,suburban,1,standard,1,3.8,165964,100,16,10.2,spring,1,0.1,0.133,LOW,0
house,0,411.8,5,suburban,1,standard,1,2.8,167476,116,36,13.6,autumn,3,0.3,0.0,LOW,0
commercial,2,53.7,7,suburban,1,premium,2,4.9,185371,15,16,4.2,autumn,3,0.3,0.318,LOW,0
landscaping,3,30.2,7,urban,2,basic,0,1.3,42340,84,5,7.0,winter,0,0.8,0.209,LOW,0
renovation,1,87.9,7,urban,2,premium,2,1.1,18988,87,5,4.9,winter,0,0.8,0.199,LOW,0
renovation,1,314.8,6,rural,0,standard,1,1.2,25390,98,9,9.5,autumn,3,0.3,0.072,LOW,0
landscaping,3,286.1,1,rural,0,premium,2,4.8,169281,75,89,14.4,autumn,3,0.3,0.539,MEDIUM,0
commercial,2,332.1,2,urban,2,basic,0,4.9,35911,66,86,5.6,spring,1,0.1,0.703,HIGH,1
landscaping,3,406.8,1,suburban,1,basic,0,2.7,58567,23,37,10.2,autumn,3,0.3,0.444,MEDIUM,0
landscaping,3,365.5,2,rural,0,basic,0,4.2,11087,52,38,6.9,summer,2,0.1,0.464,MEDIUM,0
commercial,2,32.5,5,rural,0,premium,2,4.9,123331,104,10,6.9,spring,1,0.1,0.3,LOW,0
commercial,2,280.1,1,urban,2,premium,2,2.6,45530,57,125,3.3,winter,0,0.8,0.673,HIGH,1
landscaping,3,376.9,3,urban,2,premium,2,1.4,117351,38,12,13.0,spring,1,0.1,0.148,LOW,0
landscaping,3,195.6,2,suburban,1,premium,2,4.1,184788,58,26,10.0,autumn,3,0.3,0.237,LOW,1
renovation,1,216.3,6,urban,2,premium,2,2.4,87842,81,15,4.4,winter,0,0.8,0.221,LOW,0
house,0,362.1,3,urban,2,basic,0,3.2,130923,41,33,7.7,autumn,3,0.3,0.089,LOW,0
landscaping,3,387.4,2,rural,0,basic,0,1.7,144760,64,21,3.9,autumn,3,0.3,0.084,LOW,0
commercial,2,213.3,2,rural,0,standard,1,2.9,77775,67,46,12.9,summer,2,0.1,0.013,LOW,0
house,0,356.2,2,urban,2,basic,0,3.5,24402,48,56,4.8,autumn,3,0.3,0.583,MEDIUM,0
landscaping,3,200.5,5,rural,0,basic,0,3.4,22398,115,10,7.8,autumn,3,0.3,0.236,LOW,1
landscaping,3,302.5,2,urban,2,standard,1,2.3,23474,86,25,0.9,winter,0,0.8,0.35,LOW,0
landscaping,3,67.6,6,suburban,1,standard,1,3.4,114199,59,5,1.4,winter,0,0.8,0.262,LOW,1
landscaping,3,352.4,1,urban,2,premium,2,2.2,127067,18,38,8.8,winter,0,0.8,0.611,HIGH,1
house,0,200.9,4,suburban,1,standard,1,3.1,101660,94,30,3.0,winter,0,0.8,0.249,LOW,0
house,0,239.9,4,rural,0,premium,2,3.1,64443,58,40,8.4,summer,2,0.1,0.071,LOW,0
renovation,1,70.4,2,urban,2,premium,2,3.5,91552,74,10,6.2,autumn,3,0.3,0.113,LOW,0
commercial,2,202.8,1,suburban,1,basic,0,3.9,15746,112,67,10.2,spring,1,0.1,0.367,MEDIUM,1
landscaping,3,120.9,7,suburban,1,premium,2,4.3,169375,73,13,3.6,autumn,3,0.3,0.326,LOW,0
commercial,2,89.9,2,urban,2,standard,1,4.1,92888,97,20,14.4,winter,0,0.8,0.284,LOW,1
house,0,387.5,4,urban,2,basic,0,3.6,27673,91,35,13.4,winter,0,0.8,0.372,MEDIUM,1
commercial,2,263.7,5,suburban,1,premium,2,5.0,123514,71,68,14.4,summer,2,0.1,0.174,LOW,1
commercial,2,427.4,1,urban,2,basic,0,4.7,76818,22,150,8.6,winter,0,0.8,0.804,HIGH,1
renovation,1,422.2,3,suburban,1,basic,0,3.5,70158,35,37,5.4,autumn,3,0.3,0.042,LOW,0
house,0,303.8,1,suburban,1,premium,2,3.0,135146,80,99,8.4,spring,1,0.1,0.262,LOW,0
renovation,1,55.5,1,rural,0,standard,1,2.8,101783,102,13,4.1,spring,1,0.1,0.286,LOW,1
landscaping,3,480.2,5,rural,0,premium,2,4.2,26324,92,50,10.6,summer,2,0.1,0.394,MEDIUM,0
house,0,130.0,5,suburban,1,basic,0,1.3,170812,98,5,14.3,winter,0,0.8,0.061,LOW,0
landscaping,3,486.6,1,suburban,1,premium,2,1.5,113580,32,40,10.4,spring,1,0.1,0.311,LOW,1
landscaping,3,293.9,4,rural,0,premium,2,1.9,101301,96,15,9.3,winter,0,0.8,0.194,LOW,0
landscaping,3,142.4,2,urban,2,standard,1,4.1,68299,96,13,7.8,spring,1,0.1,0.172,LOW,0
renovation,1,196.8,3,urban,2,basic,0,3.9,58438,79,14,9.8,winter,0,0.8,0.082,LOW,0
landscaping,3,86.1,7,urban,2,premium,2,1.6,93951,70,5,10.7,summer,2,0.1,0.168,LOW,0
landscaping,3,220.2,1,suburban,1,premium,2,2.2,175605,25,26,9.1,spring,1,0.1,0.258,LOW,0
commercial,2,51.9,4,suburban,1,standard,1,2.0,188654,90,5,10.7,summer,2,0.1,0.099,LOW,0
landscaping,3,341.1,1,rural,0,basic,0,3.5,92672,103,48,8.4,autumn,3,0.3,0.127,LOW,0
commercial,2,416.1,6,urban,2,premium,2,3.7,27110,39,84,4.7,summer,2,0.1,0.839,HIGH,1
renovation,1,190.8,1,rural,0,basic,0,4.3,12351,25,43,14.3,summer,2,0.1,0.934,HIGH,1
commercial,2,362.2,6,urban,2,basic,0,1.9,186845,49,18,13.8,spring,1,0.1,0.051,LOW,0
commercial,2,215.3,1,urban,2,basic,0,3.7,142604,50,60,10.3,summer,2,0.1,0.343,LOW,0
landscaping,3,275.3,1,urban,2,premium,2,2.8,189079,11,37,11.0,autumn,3,0.3,0.659,HIGH,1
commercial,2,85.3,3,suburban,1,basic,0,4.2,77990,31,14,11.2,winter,0,0.8,0.191,LOW,0
house,0,399.7,7,suburban,1,basic,0,4.6,67435,63,42,12.8,winter,0,0.8,0.334,LOW,1
house,0,408.7,6,rural,0,standard,1,2.3,39874,95,33,12.7,spring,1,0.1,0.105,LOW,0
commercial,2,330.1,4,urban,2,standard,1,4.0,194388,95,73,3.2,spring,1,0.1,0.195,LOW,0
house,0,372.9,1,urban,2,standard,1,3.1,131868,114,126,2.6,spring,1,0.1,0.241,LOW,0
house,0,301.1,5,suburban,1,standard,1,3.4,68488,73,33,12.6,winter,0,0.8,0.207,LOW,1
renovation,1,79.1,5,urban,2,premium,2,1.2,9657,95,5,14.6,autumn,3,0.3,0.0,LOW,0
renovation,1,130.1,6,urban,2,premium,2,3.8,105341,106,11,7.5,summer,2,0.1,0.147,LOW,0
house,0,39.4,3,suburban,1,standard,1,1.3,163402,65,5,12.2,autumn,3,0.3,0.0,LOW,0
commercial,2,369.0,1,urban,2,basic,0,3.6,12481,94,99,12.7,winter,0,0.8,0.44,MEDIUM,1
commercial,2,345.5,3,rural,0,premium,2,3.6,140096,22,105,6.5,autumn,3,0.3,0.583,MEDIUM,0
renovation,1,181.5,3,urban,2,premium,2,4.9,104958,16,28,11.4,summer,2,0.1,0.703,HIGH,1
renovation,1,64.6,7,urban,2,basic,0,4.7,38627,106,5,9.4,summer,2,0.1,0.206,LOW,0
landscaping,3,391.0,3,rural,0,premium,2,1.7,126060,46,20,12.6,winter,0,0.8,0.044,LOW,1
renovation,1,150.6,4,rural,0,premium,2,3.3,29735,113,20,6.5,winter,0,0.8,0.218,LOW,0
landscaping,3,160.3,1,rural,0,standard,1,1.4,11541,93,13,5.7,summer,2,0.1,0.12,LOW,0
commercial,2,290.5,4,rural,0,basic,0,2.9,8091,15,58,1.0,summer,2,0.1,0.833,HIGH,1
house,0,141.4,6,suburban,1,standard,1,3.3,15793,29,19,3.7,spring,1,0.1,0.344,LOW,0
house,0,493.2,2,rural,0,standard,1,2.6,39595,38,77,11.3,winter,0,0.8,0.811,HIGH,1
commercial,2,95.7,7,suburban,1,premium,2,2.7,187067,113,11,12.2,summer,2,0.1,0.046,LOW,1
house,0,211.0,2,urban,2,standard,1,1.4,128601,91,12,8.0,spring,1,0.1,0.055,LOW,0
renovation,1,106.4,4,urban,2,basic,0,1.7,148511,57,5,7.2,spring,1,0.1,0.03,LOW,0
landscaping,3,378.6,2,urban,2,premium,2,4.7,30082,82,51,10.5,autumn,3,0.3,0.406,MEDIUM,1
house,0,146.2,5,suburban,1,basic,0,3.7,192470,24,13,13.4,spring,1,0.1,0.0,LOW,0
commercial,2,71.2,7,suburban,1,standard,1,4.7,174005,77,12,9.6,summer,2,0.1,0.167,LOW,0
renovation,1,78.4,7,urban,2,premium,2,2.4,96646,28,5,4.1,autumn,3,0.3,0.195,LOW,0
house,0,42.1,3,rural,0,premium,2,3.5,151172,51,9,8.0,summer,2,0.1,0.101,LOW,0
landscaping,3,443.2,4,rural,0,premium,2,2.1,62258,29,31,5.5,spring,1,0.1,0.145,LOW,0
house,0,303.3,3,urban,2,standard,1,2.1,191155,112,22,10.0,autumn,3,0.3,0.075,LOW,0
house,0,470.3,7,suburban,1,standard,1,3.7,41383,103,80,1.0,summer,2,0.1,0.485,MEDIUM,1
house,0,178.2,4,urban,2,standard,1,2.5,198189,98,14,12.9,autumn,3,0.3,0.0,LOW,0
landscaping,3,134.9,1,rural,0,standard,1,3.5,98832,95,31,3.8,spring,1,0.1,0.263,LOW,0
commercial,2,472.1,5,urban,2,basic,0,1.3,128052,24,19,6.0,winter,0,0.8,0.062,LOW,0
renovation,1,242.3,6,urban,2,premium,2,4.7,40923,50,26,8.6,winter,0,0.8,0.199,LOW,0
house,0,224.3,4,rural,0,premium,2,1.1,108004,53,14,7.1,spring,1,0.1,0.081,LOW,0
landscaping,3,210.0,6,rural,0,basic,0,2.6,51131,19,12,1.5,autumn,3,0.3,0.223,LOW,1
house,0,318.8,3,urban,2,premium,2,4.5,11498,51,109,0.7,spring,1,0.1,1.0,HIGH,1
house,0,358.1,7,suburban,1,premium,2,4.3,104899,43,62,6.6,summer,2,0.1,0.642,HIGH,1
house,0,138.7,1,rural,0,basic,0,4.5,84831,101,70,3.4,winter,0,0.8,0.332,LOW,0
renovation,1,178.7,4,suburban,1,premium,2,1.8,72437,79,16,0.6,winter,0,0.8,0.398,MEDIUM,0
renovation,1,471.9,3,suburban,1,standard,1,3.4,174897,99,43,10.0,autumn,3,0.3,0.057,LOW,0
landscaping,3,51.0,6,urban,2,standard,1,4.0,23295,94,5,13.4,autumn,3,0.3,0.001,LOW,1
commercial,2,128.7,3,rural,0,standard,1,4.8,98952,68,53,2.7,winter,0,0.8,0.331,LOW,1
house,0,237.5,6,urban,2,premium,2,2.9,179818,108,24,7.6,winter,0,0.8,0.082,LOW,1
house,0,301.2,3,urban,2,basic,0,4.1,153004,50,57,1.1,summer,2,0.1,0.522,MEDIUM,0
house,0,411.2,4,suburban,1,premium,2,3.0,176727,44,55,11.1,summer,2,0.1,0.246,LOW,0
house,0,316.2,1,suburban,1,standard,1,3.7,28647,113,98,9.8,autumn,3,0.3,0.352,MEDIUM,1
landscaping,3,486.8,6,urban,2,basic,0,1.3,188377,42,6,9.7,autumn,3,0.3,0.0,LOW,0
renovation,1,74.7,4,urban,2,basic,0,4.3,155004,115,5,14.7,spring,1,0.1,0.067,LOW,0
landscaping,3,83.2,5,urban,2,standard,1,3.3,75071,86,6,1.2,spring,1,0.1,0.273,LOW,0
commercial,2,128.5,1,urban,2,premium,2,2.5,32469,36,39,14.9,summer,2,0.1,0.218,LOW,0
house,0,192.5,3,urban,2,premium,2,1.3,122588,44,11,13.5,spring,1,0.1,0.066,LOW,0
house,0,420.8,6,rural,0,basic,0,2.0,153845,106,29,5.1,autumn,3,0.3,0.0,LOW,0
house,0,311.2,5,suburban,1,basic,0,1.1,139224,35,9,6.6,summer,2,0.1,0.089,LOW,1
renovation,1,329.4,6,suburban,1,premium,2,1.1,11999,13,13,2.7,spring,1,0.1,0.494,MEDIUM,1
renovation,1,373.9,7,rural,0,basic,0,4.2,125021,105,28,10.5,summer,2,0.1,0.154,LOW,0
renovation,1,397.5,7,rural,0,basic,0,4.4,63046,14,31,12.7,winter,0,0.8,0.711,HIGH,1
landscaping,3,137.4,4,urban,2,premium,2,3.4,114172,72,12,4.5,winter,0,0.8,0.222,LOW,0
commercial,2,457.0,4,urban,2,basic,0,3.9,64182,17,87,1.9,summer,2,0.1,0.845,HIGH,1
house,0,297.2,4,rural,0,premium,2,4.0,55186,94,65,10.3,autumn,3,0.3,0.141,LOW,0
commercial,2,426.2,4,suburban,1,basic,0,1.9,137029,78,28,7.4,spring,1,0.1,0.034,LOW,0
house,0,450.2,2,suburban,1,premium,2,2.0,70610,80,63,6.5,winter,0,0.8,0.076,LOW,0
renovation,1,418.3,5,suburban,1,standard,1,4.1,165222,17,43,5.6,autumn,3,0.3,0.608,HIGH,1
commercial,2,145.4,5,urban,2,premium,2,4.5,170946,9,39,4.4,summer,2,0.1,0.781,HIGH,1
renovation,1,192.8,4,urban,2,premium,2,1.2,94103,32,6,10.7,summer,2,0.1,0.05,LOW,0
commercial,2,362.5,3,suburban,1,basic,0,2.9,143643,89,59,3.0,winter,0,0.8,0.272,LOW,0
commercial,2,406.6,1,rural,0,basic,0,2.4,40724,11,100,7.5,autumn,3,0.3,0.64,HIGH,1
commercial,2,326.9,4,suburban,1,basic,0,2.7,82362,27,31,14.5,summer,2,0.1,0.113,LOW,0
landscaping,3,186.7,1,suburban,1,standard,1,1.8,51971,81,15,6.5,summer,2,0.1,0.157,LOW,0
commercial,2,421.6,6,suburban,1,premium,2,3.2,147431,16,76,5.9,winter,0,0.8,0.577,MEDIUM,1
renovation,1,96.7,1,urban,2,premium,2,4.0,179128,42,25,10.1,winter,0,0.8,0.37,MEDIUM,1
commercial,2,54.5,4,rural,0,premium,2,2.0,77658,99,7,14.7,spring,1,0.1,0.066,LOW,1
commercial,2,69.0,5,urban,2,premium,2,4.0,27125,58,12,12.3,winter,0,0.8,0.278,LOW,0
house,0,52.3,4,rural,0,premium,2,4.6,192649,63,13,7.7,winter,0,0.8,0.328,LOW,0
landscaping,3,264.8,6,urban,2,basic,0,4.9,134356,28,16,5.3,winter,0,0.8,0.278,LOW,0
commercial,2,418.6,6,urban,2,premium,2,3.1,61548,91,86,2.2,autumn,3,0.3,0.261,LOW,0
renovation,1,30.1,5,suburban,1,standard,1,2.0,168583,106,5,3.9,spring,1,0.1,0.166,LOW,0
commercial,2,486.3,5,rural,0,standard,1,4.2,31041,65,109,6.2,winter,0,0.8,0.973,HIGH,1
landscaping,3,283.3,2,suburban,1,premium,2,4.5,86021,67,41,9.9,winter,0,0.8,0.255,LOW,1
renovation,1,40.4,7,urban,2,premium,2,2.2,157345,117,5,4.2,spring,1,0.1,0.217,LOW,1
renovation,1,78.5,3,suburban,1,basic,0,1.7,143842,42,5,2.3,spring,1,0.1,0.146,LOW,0
renovation,1,255.6,1,urban,2,premium,2,2.7,98784,53,69,1.8,autumn,3,0.3,0.484,MEDIUM,1
commercial,2,80.8,5,rural,0,basic,0,1.8,164127,24,7,3.4,autumn,3,0.3,0.078,LOW,0
renovation,1,457.6,1,rural,0,standard,1,1.9,147450,91,94,1.3,summer,2,0.1,0.384,MEDIUM,0
renovation,1,30.9,5,rural,0,premium,2,5.0,61318,39,5,8.1,spring,1,0.1,0.151,LOW,0
commercial,2,185.2,7,suburban,1,standard,1,4.5,82023,43,44,2.2,autumn,3,0.3,0.276,LOW,0
house,0,386.1,5,rural,0,premium,2,2.2,117554,17,41,10.4,summer,2,0.1,0.361,MEDIUM,1
house,0,82.1,2,urban,2,premium,2,3.7,54742,70,17,14.2,summer,2,0.1,0.104,LOW,1
commercial,2,411.1,7,urban,2,premium,2,4.0,8088,18,79,6.0,spring,1,0.1,0.911,HIGH,1
landscaping,3,294.5,2,urban,2,standard,1,4.9,146688,67,32,13.1,summer,2,0.1,0.099,LOW,0
house,0,452.0,1,urban,2,standard,1,1.7,118422,65,85,2.3,autumn,3,0.3,0.448,MEDIUM,1
renovation,1,125.4,5,urban,2,standard,1,3.1,68229,102,7,8.4,summer,2,0.1,0.101,LOW,0
commercial,2,325.7,2,suburban,1,standard,1,1.0,68974,62,33,0.9,winter,0,0.8,0.262,LOW,0
renovation,1,344.6,5,suburban,1,basic,0,3.7,12916,41,21,12.1,spring,1,0.1,0.394,MEDIUM,1
house,0,35.0,4,urban,2,premium,2,2.0,199237,54,5,4.2,summer,2,0.1,0.256,LOW,0
renovation,1,403.0,6,rural,0,basic,0,1.7,152889,54,21,1.0,spring,1,0.1,0.174,LOW,0
commercial,2,314.3,5,urban,2,premium,2,3.4,140726,60,50,12.3,winter,0,0.8,0.179,LOW,0
renovation,1,446.3,4,suburban,1,standard,1,4.0,104398,101,61,2.5,winter,0,0.8,0.252,LOW,0
landscaping,3,136.1,7,urban,2,standard,1,4.5,69229,17,11,2.3,autumn,3,0.3,0.411,MEDIUM,1
renovation,1,451.8,5,urban,2,basic,0,4.9,140176,98,52,1.9,autumn,3,0.3,0.384,MEDIUM,1
house,0,420.2,5,rural,0,basic,0,3.6,10526,47,76,0.8,spring,1,0.1,0.906,HIGH,1
renovation,1,271.4,6,rural,0,premium,2,1.9,12864,50,15,11.6,winter,0,0.8,0.479,MEDIUM,1
renovation,1,403.0,7,rural,0,basic,0,2.9,57782,19,21,13.0,summer,2,0.1,0.149,LOW,1
renovation,1,209.3,1,urban,2,standard,1,4.0,172264,97,63,2.0,winter,0,0.8,0.267,LOW,0
commercial,2,285.5,5,rural,0,basic,0,1.3,165935,86,13,10.7,autumn,3,0.3,0.042,LOW,1
landscaping,3,82.2,6,suburban,1,basic,0,3.5,161600,115,5,8.7,spring,1,0.1,0.04,LOW,0
landscaping,3,109.9,1,urban,2,basic,0,2.9,158089,113,13,2.9,spring,1,0.1,0.135,LOW,0
commercial,2,35.8,1,rural,0,premium,2,4.0,163177,114,23,13.1,summer,2,0.1,0.23,LOW,0
landscaping,3,482.3,4,urban,2,premium,2,4.4,111938,18,43,12.6,winter,0,0.8,0.65,HIGH,1
renovation,1,449.3,5,suburban,1,standard,1,1.2,35915,70,11,12.7,spring,1,0.1,0.082,LOW,0
house,0,324.3,4,rural,0,basic,0,4.1,92230,98,44,13.0,autumn,3,0.3,0.17,LOW,0
renovation,1,253.7,7,urban,2,basic,0,2.6,149991,105,9,7.3,spring,1,0.1,0.019,LOW,0
landscaping,3,265.1,7,urban,2,premium,2,2.7,105411,51,11,9.0,winter,0,0.8,0.093,LOW,1
house,0,294.3,6,rural,0,standard,1,4.9,69982,31,52,7.3,spring,1,0.1,0.651,HIGH,1
house,0,390.4,3,urban,2,premium,2,4.0,39242,118,72,10.7,autumn,3,0.3,0.398,MEDIUM,1
landscaping,3,433.4,7,suburban,1,basic,0,2.5,66815,51,12,12.8,autumn,3,0.3,0.051,LOW,1
renovation,1,429.9,5,suburban,1,standard,1,2.0,104396,44,18,8.1,summer,2,0.1,0.0,LOW,1
house,0,393.0,3,suburban,1,basic,0,1.5,14352,14,19,8.8,summer,2,0.1,0.512,MEDIUM,0
landscaping,3,298.8,6,rural,0,basic,0,3.5,182035,76,22,2.4,summer,2,0.1,0.122,LOW,0
landscaping,3,493.4,1,suburban,1,basic,0,1.1,143987,59,29,1.4,winter,0,0.8,0.452,MEDIUM,1
house,0,146.0,3,urban,2,premium,2,2.3,146903,90,17,6.5,winter,0,0.8,0.084,LOW,0
house,0,337.4,1,suburban,1,premium,2,2.0,119600,103,75,8.7,spring,1,0.1,0.232,LOW,0
commercial,2,399.3,7,suburban,1,standard,1,4.6,129063,61,65,13.8,winter,0,0.8,0.362,MEDIUM,1
renovation,1,123.0,1,suburban,1,premium,2,1.8,149865,51,16,13.6,summer,2,0.1,0.114,LOW,1
commercial,2,497.9,6,urban,2,standard,1,1.4,65225,53,29,4.8,summer,2,0.1,0.013,LOW,0
commercial,2,162.5,4,urban,2,standard,1,1.2,182024,65,7,10.7,spring,1,0.1,0.0,LOW,0
landscaping,3,337.2,7,urban,2,premium,2,2.6,100551,15,15,6.6,autumn,3,0.3,0.093,LOW,0
renovation,1,94.3,5,suburban,1,premium,2,1.1,187179,42,5,12.2,autumn,3,0.3,0.007,LOW,0
commercial,2,471.1,3,suburban,1,premium,2,2.2,69952,94,65,8.6,summer,2,0.1,0.0,LOW,0
landscaping,3,229.5,7,urban,2,basic,0,3.4,185763,99,8,10.5,winter,0,0.8,0.237,LOW,0
renovation,1,199.3,5,suburban,1,premium,2,4.7,177395,17,26,10.8,spring,1,0.1,0.648,HIGH,1
house,0,180.1,5,rural,0,premium,2,4.8,185043,26,51,5.7,autumn,3,0.3,0.563,MEDIUM,1
commercial,2,403.1,5,urban,2,premium,2,2.7,109796,118,51,10.6,winter,0,0.8,0.136,LOW,0
renovation,1,322.3,1,suburban,1,premium,2,4.6,8516,55,120,6.4,winter,0,0.8,1.0,HIGH,1
house,0,101.5,4,rural,0,standard,1,1.5,178075,90,6,11.1,autumn,3,0.3,0.062,LOW,1
house,0,90.0,3,rural,0,standard,1,3.4,70389,86,14,12.1,spring,1,0.1,0.035,LOW,0
commercial,2,75.0,7,rural,0,premium,2,4.8,74707,55,22,6.5,winter,0,0.8,0.311,LOW,0
landscaping,3,61.5,7,suburban,1,premium,2,2.2,55113,111,5,3.0,summer,2,0.1,0.289,LOW,0
house,0,444.5,3,rural,0,premium,2,2.2,20441,10,60,13.5,autumn,3,0.3,0.72,HIGH,1
landscaping,3,159.0,1,rural,0,basic,0,2.6,60939,8,20,4.6,summer,2,0.1,0.71,HIGH,1
renovation,1,156.0,5,rural,0,premium,2,1.7,72179,90,12,3.6,spring,1,0.1,0.092,LOW,0
renovation,1,79.8,7,urban,2,basic,0,2.9,96713,29,5,11.8,summer,2,0.1,0.12,LOW,0
renovation,1,175.6,4,urban,2,basic,0,1.0,83564,37,5,10.0,spring,1,0.1,0.0,LOW,1
house,0,61.2,1,suburban,1,standard,1,3.1,132800,32,15,7.7,summer,2,0.1,0.211,LOW,1
landscaping,3,443.3,1,suburban,1,premium,2,2.6,139056,111,63,7.6,spring,1,0.1,0.091,LOW,0
house,0,184.8,5,urban,2,premium,2,5.0,25688,68,38,6.2,winter,0,0.8,0.476,MEDIUM,1
house,0,270.4,6,urban,2,standard,1,1.6,199222,113,12,8.9,summer,2,0.1,0.107,LOW,0
commercial,2,422.0,5,suburban,1,basic,0,2.4,55624,78,32,10.5,spring,1,0.1,0.045,LOW,0
landscaping,3,46.4,5,suburban,1,premium,2,2.2,162751,73,5,14.2,winter,0,0.8,0.131,LOW,1
commercial,2,198.3,5,rural,0,standard,1,2.7,111592,79,25,8.3,winter,0,0.8,0.07,LOW,0
house,0,72.8,4,urban,2,standard,1,2.6,131980,50,6,6.5,summer,2,0.1,0.0,LOW,0
house,0,204.6,5,urban,2,standard,1,2.9,179914,96,25,2.8,summer,2,0.1,0.186,LOW,0
landscaping,3,223.7,3,suburban,1,premium,2,4.6,186568,84,26,8.6,autumn,3,0.3,0.271,LOW,0
renovation,1,148.5,6,suburban,1,standard,1,1.3,48110,53,5,7.7,autumn,3,0.3,0.0,LOW,0
house,0,183.0,2,suburban,1,basic,0,3.4,33938,25,35,2.6,summer,2,0.1,0.262,LOW,1
house,0,112.8,7,suburban,1,premium,2,2.6,138882,89,13,5.1,spring,1,0.1,0.027,LOW,0
renovation,1,118.4,4,suburban,1,standard,1,1.1,159187,8,5,0.7,summer,2,0.1,0.214,LOW,0
house,0,482.5,4,urban,2,standard,1,4.7,86057,87,71,14.0,spring,1,0.1,0.226,LOW,0
commercial,2,141.5,6,rural,0,standard,1,4.0,181665,70,25,7.8,summer,2,0.1,0.0,LOW,0
house,0,408.8,4,urban,2,basic,0,3.9,167422,105,40,13.4,autumn,3,0.3,0.149,LOW,0
commercial,2,355.0,5,suburban,1,basic,0,4.6,165614,94,52,11.4,summer,2,0.1,0.104,LOW,0
renovation,1,436.9,4,urban,2,premium,2,3.5,134815,30,49,5.7,spring,1,0.1,0.467,MEDIUM,0
landscaping,3,379.4,4,urban,2,basic,0,2.5,196505,34,12,7.0,spring,1,0.1,0.0,LOW,0
renovation,1,165.2,3,suburban,1,basic,0,2.7,89210,8,9,11.1,spring,1,0.1,0.116,LOW,0
renovation,1,387.5,5,rural,0,premium,2,1.5,24701,8,19,11.3,summer,2,0.1,0.649,HIGH,1
renovation,1,395.3,4,rural,0,basic,0,4.8,171650,42,48,6.1,winter,0,0.8,0.478,MEDIUM,1
landscaping,3,376.2,6,urban,2,basic,0,3.7,107016,32,15,9.1,winter,0,0.8,0.044,LOW,0
landscaping,3,152.7,1,suburban,1,premium,2,1.7,54670,109,14,7.6,summer,2,0.1,0.067,LOW,0
landscaping,3,361.3,2,urban,2,standard,1,1.4,59321,20,13,5.4,autumn,3,0.3,0.0,LOW,1
renovation,1,175.2,5,urban,2,standard,1,2.7,93194,29,9,7.7,autumn,3,0.3,0.076,LOW,0
renovation,1,344.0,5,urban,2,basic,0,4.9,104298,102,30,5.7,winter,0,0.8,0.195,LOW,0
landscaping,3,265.2,2,suburban,1,premium,2,1.5,97941,89,12,7.6,winter,0,0.8,0.098,LOW,0
commercial,2,289.5,4,suburban,1,premium,2,2.7,154733,46,63,2.8,spring,1,0.1,0.393,MEDIUM,1
landscaping,3,70.9,6,rural,0,premium,2,2.4,132651,50,6,1.8,autumn,3,0.3,0.332,LOW,0
commercial,2,246.0,7,urban,2,basic,0,1.3,198597,118,8,14.5,winter,0,0.8,0.171,LOW,0
renovation,1,225.8,5,suburban,1,premium,2,3.1,169176,59,23,5.5,winter,0,0.8,0.162,LOW,0
commercial,2,270.4,7,suburban,1,premium,2,3.7,65213,83,45,9.0,summer,2,0.1,0.244,LOW,0
renovation,1,299.5,2,urban,2,standard,1,3.2,6631,72,47,0.8,spring,1,0.1,0.556,MEDIUM,1
commercial,2,338.9,1,suburban,1,premium,2,3.6,16953,55,169,7.3,summer,2,0.1,0.766,HIGH,1
commercial,2,354.2,4,rural,0,standard,1,2.8,198939,43,81,1.4,autumn,3,0.3,0.645,HIGH,1
renovation,1,322.4,7,suburban,1,premium,2,2.0,167935,52,15,9.4,summer,2,0.1,0.013,LOW,0
commercial,2,226.5,3,suburban,1,standard,1,2.8,139910,24,31,13.8,autumn,3,0.3,0.157,LOW,0
renovation,1,32.0,3,urban,2,basic,0,3.2,34996,117,5,5.3,spring,1,0.1,0.035,LOW,0
house,0,305.0,2,urban,2,standard,1,4.8,183261,85,64,12.3,spring,1,0.1,0.198,LOW,0
landscaping,3,358.1,7,suburban,1,basic,0,2.6,41019,100,10,12.6,spring,1,0.1,0.156,LOW,0
renovation,1,34.6,1,suburban,1,basic,0,3.0,15117,39,7,1.6,spring,1,0.1,0.449,MEDIUM,1
landscaping,3,458.9,3,suburban,1,basic,0,1.1,75894,54,7,9.6,summer,2,0.1,0.038,LOW,0
landscaping,3,290.3,2,suburban,1,standard,1,2.7,43163,62,19,13.2,winter,0,0.8,0.023,LOW,0
landscaping,3,257.0,1,rural,0,premium,2,4.9,122755,19,82,8.8,spring,1,0.1,0.715,HIGH,1
house,0,48.0,5,rural,0,standard,1,3.6,102944,49,6,9.1,autumn,3,0.3,0.099,LOW,0
house,0,88.0,4,suburban,1,premium,2,1.4,87071,109,8,3.0,summer,2,0.1,0.194,LOW,0
commercial,2,332.5,5,suburban,1,standard,1,3.7,76459,114,51,7.2,summer,2,0.1,0.038,LOW,1
commercial,2,466.8,5,rural,0,standard,1,4.5,157397,101,100,14.8,winter,0,0.8,0.241,LOW,0
commercial,2,217.3,7,urban,2,premium,2,1.0,115140,43,9,13.2,spring,1,0.1,0.015,LOW,0
renovation,1,130.7,2,suburban,1,standard,1,4.4,56596,101,19,9.8,summer,2,0.1,0.191,LOW,1
landscaping,3,394.3,1,urban,2,standard,1,3.4,148575,44,54,6.7,winter,0,0.8,0.44,MEDIUM,1
landscaping,3,315.6,6,urban,2,standard,1,1.3,88773,111,5,10.6,autumn,3,0.3,0.059,LOW,0
renovation,1,205.1,5,rural,0,premium,2,4.0,131496,86,28,7.1,summer,2,0.1,0.232,LOW,0
landscaping,3,359.9,3,urban,2,premium,2,4.8,164507,23,41,7.2,autumn,3,0.3,0.658,HIGH,1
house,0,349.5,4,rural,0,basic,0,2.9,62733,82,34,14.3,summer,2,0.1,0.068,LOW,0
renovation,1,294.5,5,suburban,1,standard,1,1.2,53906,119,7,6.8,summer,2,0.1,0.036,LOW,0
commercial,2,171.5,4,urban,2,premium,2,1.6,28079,39,18,4.7,autumn,3,0.3,0.153,LOW,0
commercial,2,54.6,5,suburban,1,standard,1,1.4,155244,12,5,12.3,autumn,3,0.3,0.0,LOW,0
landscaping,3,158.1,3,rural,0,basic,0,1.5,109037,89,5,8.0,winter,0,0.8,0.056,LOW,0
renovation,1,83.8,7,urban,2,basic,0,1.5,13092,58,5,10.8,summer,2,0.1,0.033,LOW,1
house,0,243.5,5,rural,0,basic,0,2.6,117539,28,19,11.2,autumn,3,0.3,0.0,LOW,0
house,0,178.7,6,rural,0,basic,0,2.7,86325,15,22,0.9,autumn,3,0.3,0.609,HIGH,1
house,0,298.5,4,rural,0,standard,1,5.0,185874,54,62,8.4,winter,0,0.8,0.338,LOW,0
house,0,300.5,1,suburban,1,premium,2,2.4,188618,29,108,3.7,spring,1,0.1,0.6,HIGH,1
house,0,463.6,5,urban,2,standard,1,4.2,149657,86,57,7.8,summer,2,0.1,0.153,LOW,0
renovation,1,267.4,7,rural,0,premium,2,2.5,172244,87,19,11.4,summer,2,0.1,0.095,LOW,0
landscaping,3,203.9,7,urban,2,basic,0,3.9,107035,85,8,11.0,spring,1,0.1,0.051,LOW,0
renovation,1,250.8,2,rural,0,basic,0,4.0,91018,115,46,2.5,summer,2,0.1,0.14,LOW,1
commercial,2,136.2,5,suburban,1,standard,1,2.5,11770,27,13,7.6,summer,2,0.1,0.15,LOW,0
landscaping,3,439.9,4,rural,0,premium,2,4.6,163789,28,64,6.0,spring,1,0.1,0.625,HIGH,1
landscaping,3,402.2,3,urban,2,premium,2,1.5,41732,86,17,4.7,autumn,3,0.3,0.109,LOW,1
commercial,2,134.6,5,suburban,1,standard,1,2.1,142349,18,11,8.3,spring,1,0.1,0.002,LOW,0
house,0,253.6,6,suburban,1,standard,1,2.6,130559,61,19,13.0,summer,2,0.1,0.088,LOW,0
landscaping,3,339.0,5,suburban,1,basic,0,4.8,179135,17,23,6.5,summer,2,0.1,0.38,MEDIUM,1
house,0,476.8,1,rural,0,premium,2,3.1,139474,52,254,4.4,spring,1,0.1,0.765,HIGH,1
commercial,2,289.5,2,suburban,1,standard,1,2.9,159693,33,52,9.5,winter,0,0.8,0.461,MEDIUM,0
landscaping,3,482.0,2,suburban,1,standard,1,1.7,128422,110,23,5.6,winter,0,0.8,0.061,LOW,0
landscaping,3,285.8,1,suburban,1,premium,2,1.7,128694,26,27,7.7,spring,1,0.1,0.094,LOW,0
house,0,468.3,5,urban,2,standard,1,2.3,51814,40,30,13.7,spring,1,0.1,0.038,LOW,0
landscaping,3,203.2,4,urban,2,standard,1,3.0,59015,113,11,5.6,autumn,3,0.3,0.0,LOW,0
renovation,1,236.1,4,rural,0,premium,2,4.1,126256,26,49,3.4,autumn,3,0.3,0.676,HIGH,1
landscaping,3,405.0,5,rural,0,standard,1,1.0,88718,37,11,2.9,winter,0,0.8,0.116,LOW,0
landscaping,3,246.0,3,urban,2,basic,0,1.9,65612,7,6,12.3,summer,2,0.1,0.091,LOW,0
commercial,2,468.9,4,urban,2,premium,2,2.9,45175,18,70,8.3,summer,2,0.1,0.491,MEDIUM,1
landscaping,3,224.2,7,rural,0,basic,0,2.8,121862,118,8,7.9,spring,1,0.1,0.041,LOW,0
renovation,1,359.4,6,suburban,1,basic,0,4.2,118689,75,24,8.5,autumn,3,0.3,0.239,LOW,0
landscaping,3,326.7,3,suburban,1,premium,2,2.3,109689,89,26,4.1,autumn,3,0.3,0.238,LOW,0
renovation,1,280.4,4,suburban,1,basic,0,3.1,56944,60,17,7.0,spring,1,0.1,0.06,LOW,0
house,0,240.7,3,urban,2,basic,0,3.9,97809,9,27,11.5,spring,1,0.1,0.405,MEDIUM,0
house,0,404.8,6,suburban,1,standard,1,3.5,71035,33,42,10.5,spring,1,0.1,0.227,LOW,0
landscaping,3,358.4,6,urban,2,basic,0,1.6,51211,37,6,7.6,spring,1,0.1,0.0,LOW,0
house,0,174.6,4,rural,0,basic,0,3.5,53464,35,20,11.7,autumn,3,0.3,0.045,LOW,0
renovation,1,109.5,1,suburban,1,standard,1,2.1,54687,99,12,7.9,summer,2,0.1,0.147,LOW,0
landscaping,3,411.0,3,suburban,1,standard,1,2.2,59626,70,22,5.1,winter,0,0.8,0.024,LOW,0
commercial,2,386.5,7,rural,0,basic,0,1.3,163051,10,21,4.7,winter,0,0.8,0.638,HIGH,1
commercial,2,41.1,6,suburban,1,basic,0,4.6,105109,107,5,11.0,autumn,3,0.3,0.098,LOW,1
renovation,1,374.2,6,rural,0,standard,1,3.4,96135,106,30,12.0,autumn,3,0.3,0.174,LOW,0
house,0,299.6,7,rural,0,premium,2,3.7,127834,76,48,12.1,spring,1,0.1,0.249,LOW,0
landscaping,3,154.6,7,suburban,1,basic,0,2.0,71428,107,5,3.1,winter,0,0.8,0.283,LOW,0
renovation,1,443.9,7,suburban,1,premium,2,2.4,56649,44,26,10.8,winter,0,0.8,0.191,LOW,1
renovation,1,313.0,3,suburban,1,standard,1,4.2,77128,65,41,5.7,summer,2,0.1,0.11,LOW,0
commercial,2,264.5,5,rural,0,premium,2,2.7,40555,87,45,14.7,winter,0,0.8,0.199,LOW,0
house,0,455.2,7,suburban,1,standard,1,3.8,154328,49,49,8.2,summer,2,0.1,0.038,LOW,0
renovation,1,369.4,4,suburban,1,basic,0,4.9,65567,116,40,5.5,spring,1,0.1,0.199,LOW,1
house,0,251.9,3,rural,0,premium,2,1.2,199692,106,19,13.3,autumn,3,0.3,0.045,LOW,0
commercial,2,221.1,3,rural,0,basic,0,2.4,175902,7,31,4.8,summer,2,0.1,0.551,MEDIUM,1
house,0,305.4,6,suburban,1,basic,0,4.4,138920,33,49,2.1,winter,0,0.8,0.739,HIGH,1
house,0,363.4,4,urban,2,premium,2,1.3,161522,72,19,12.2,autumn,3,0.3,0.138,LOW,0
renovation,1,397.0,2,suburban,1,basic,0,1.2,175359,14,12,7.6,spring,1,0.1,0.023,LOW,0
renovation,1,463.6,5,suburban,1,basic,0,2.2,7315,33,17,14.8,summer,2,0.1,0.303,LOW,0
house,0,52.1,7,rural,0,standard,1,4.6,56865,16,9,5.4,spring,1,0.1,0.124,LOW,0
house,0,368.3,1,rural,0,standard,1,3.9,78716,33,145,8.3,spring,1,0.1,0.486,MEDIUM,1
commercial,2,216.0,3,urban,2,premium,2,2.2,114179,87,33,5.0,summer,2,0.1,0.0,LOW,0
landscaping,3,169.6,4,urban,2,basic,0,1.8,104139,95,5,10.7,winter,0,0.8,0.0,LOW,0
landscaping,3,173.5,5,suburban,1,premium,2,3.6,155176,100,12,8.2,spring,1,0.1,0.113,LOW,1
commercial,2,288.1,7,rural,0,standard,1,2.5,196918,31,30,11.8,autumn,3,0.3,0.037,LOW,1
commercial,2,233.2,2,urban,2,premium,2,2.1,185309,49,35,10.7,autumn,3,0.3,0.038,LOW,0
renovation,1,169.3,5,urban,2,basic,0,3.8,37102,60,9,10.9,summer,2,0.1,0.0,LOW,0
commercial,2,141.6,7,urban,2,standard,1,4.9,7784,50,22,14.6,summer,2,0.1,0.503,MEDIUM,1
renovation,1,179.8,4,rural,0,premium,2,4.6,60188,22,42,3.2,spring,1,0.1,0.782,HIGH,1
landscaping,3,150.4,1,suburban,1,standard,1,4.3,64451,39,32,5.5,summer,2,0.1,0.297,LOW,0
landscaping,3,375.8,4,rural,0,premium,2,2.8,55443,36,29,13.9,autumn,3,0.3,0.162,LOW,0
renovation,1,199.3,6,rural,0,premium,2,3.9,28595,103,33,3.5,summer,2,0.1,0.294,LOW,1
renovation,1,490.1,3,suburban,1,premium,2,1.3,77859,53,22,10.2,winter,0,0.8,0.062,LOW,0
landscaping,3,383.9,6,rural,0,premium,2,3.5,6098,77,33,6.8,autumn,3,0.3,0.381,MEDIUM,1
renovation,1,169.2,7,urban,2,standard,1,2.4,39940,75,6,9.0,summer,2,0.1,0.002,LOW,0
landscaping,3,248.4,5,urban,2,standard,1,1.4,190354,116,5,14.0,winter,0,0.8,0.056,LOW,0
house,0,71.6,2,urban,2,premium,2,1.2,119565,50,5,8.4,winter,0,0.8,0.136,LOW,0
house,0,358.2,1,rural,0,basic,0,1.9,52379,35,54,10.9,winter,0,0.8,0.586,MEDIUM,1
renovation,1,181.5,4,rural,0,standard,1,4.9,167286,59,28,5.8,spring,1,0.1,0.153,LOW,1
house,0,111.0,1,rural,0,premium,2,4.8,20264,58,81,5.8,autumn,3,0.3,0.599,MEDIUM,1
landscaping,3,237.2,1,urban,2,premium,2,3.7,122493,54,42,9.1,summer,2,0.1,0.147,LOW,0
house,0,193.5,4,suburban,1,basic,0,1.6,13598,11,13,2.6,winter,0,0.8,0.387,MEDIUM,1
house,0,478.6,7,rural,0,premium,2,3.8,70899,56,81,9.7,autumn,3,0.3,0.609,HIGH,1
house,0,418.6,2,suburban,1,premium,2,2.1,103893,56,56,9.0,winter,0,0.8,0.197,LOW,0
commercial,2,354.6,5,urban,2,premium,2,3.6,143431,96,60,9.5,autumn,3,0.3,0.208,LOW,0
commercial,2,417.6,2,urban,2,basic,0,4.5,35397,71,133,1.2,summer,2,0.1,0.986,HIGH,1
house,0,188.5,2,urban,2,basic,0,1.6,54192,105,14,3.7,summer,2,0.1,0.065,LOW,0
house,0,97.9,5,rural,0,premium,2,1.6,87121,66,11,3.1,winter,0,0.8,0.211,LOW,0
house,0,401.8,2,urban,2,basic,0,2.8,48809,24,44,6.3,autumn,3,0.3,0.383,MEDIUM,1
renovation,1,263.9,6,rural,0,premium,2,1.2,41533,82,16,0.8,spring,1,0.1,0.314,LOW,0
renovation,1,50.6,5,urban,2,premium,2,2.4,166427,10,5,7.7,autumn,3,0.3,0.021,LOW,0
house,0,358.9,5,urban,2,premium,2,4.6,25352,71,62,12.8,summer,2,0.1,0.501,MEDIUM,0
landscaping,3,107.6,7,urban,2,premium,2,2.7,59357,54,5,13.8,autumn,3,0.3,0.107,LOW,0
house,0,407.4,6,rural,0,basic,0,1.9,198933,110,32,2.8,autumn,3,0.3,0.169,LOW,0
commercial,2,342.5,7,urban,2,basic,0,2.1,161158,44,30,0.8,autumn,3,0.3,0.268,LOW,0
commercial,2,257.3,1,suburban,1,premium,2,3.7,23226,29,147,6.0,summer,2,0.1,0.894,HIGH,1
commercial,2,397.7,1,suburban,1,premium,2,4.9,67002,43,341,4.7,autumn,3,0.3,0.762,HIGH,1
commercial,2,147.2,2,urban,2,basic,0,3.8,184749,53,24,14.2,spring,1,0.1,0.0,LOW,0
landscaping,3,414.1,5,urban,2,premium,2,2.6,174727,9,32,1.1,summer,2,0.1,0.621,HIGH,1
commercial,2,380.0,5,suburban,1,standard,1,2.6,117889,92,40,11.8,autumn,3,0.3,0.021,LOW,0
house,0,212.3,2,urban,2,basic,0,2.7,87874,8,20,14.2,summer,2,0.1,0.324,LOW,0
house,0,184.6,7,urban,2,basic,0,3.9,19559,20,14,12.4,summer,2,0.1,0.221,LOW,0
house,0,164.2,6,suburban,1,basic,0,2.0,6964,30,8,14.5,spring,1,0.1,0.248,LOW,0
commercial,2,427.9,5,rural,0,premium,2,1.8,180546,74,49,11.3,summer,2,0.1,0.066,LOW,1
renovation,1,396.9,5,rural,0,basic,0,3.0,136019,33,29,5.5,autumn,3,0.3,0.015,LOW,0
commercial,2,241.9,2,rural,0,basic,0,3.0,32476,92,43,13.0,summer,2,0.1,0.0,LOW,0
commercial,2,255.9,5,urban,2,basic,0,1.1,148110,77,11,3.0,spring,1,0.1,0.154,LOW,0
commercial,2,247.3,2,suburban,1,basic,0,4.1,55824,75,50,14.5,autumn,3,0.3,0.244,LOW,0
renovation,1,117.5,4,urban,2,basic,0,2.8,57315,69,5,7.3,summer,2,0.1,0.067,LOW,0
landscaping,3,314.2,7,rural,0,standard,1,3.0,126283,9,16,9.7,winter,0,0.8,0.482,MEDIUM,0
commercial,2,430.4,1,rural,0,premium,2,4.3,133579,70,305,12.0,autumn,3,0.3,0.691,HIGH,1
house,0,46.9,7,rural,0,standard,1,4.4,131252,8,7,7.6,summer,2,0.1,0.264,LOW,0
landscaping,3,156.7,2,suburban,1,basic,0,1.3,18629,15,5,8.8,spring,1,0.1,0.095,LOW,0
house,0,486.3,1,urban,2,premium,2,3.9,74304,14,187,9.7,autumn,3,0.3,0.682,HIGH,1
house,0,493.4,3,suburban,1,premium,2,2.9,165414,40,106,3.0,winter,0,0.8,0.614,HIGH,1
commercial,2,403.1,7,urban,2,premium,2,3.1,55070,106,59,5.8,spring,1,0.1,0.139,LOW,0
commercial,2,470.8,4,urban,2,premium,2,1.4,133479,33,54,1.0,spring,1,0.1,0.56,MEDIUM,0
renovation,1,388.6,2,rural,0,premium,2,1.2,100179,90,23,8.8,autumn,3,0.3,0.165,LOW,0
landscaping,3,224.9,4,urban,2,premium,2,1.9,156353,30,13,2.4,winter,0,0.8,0.265,LOW,0
renovation,1,401.1,7,suburban,1,standard,1,2.0,120781,49,20,4.3,autumn,3,0.3,0.212,LOW,0
renovation,1,69.1,2,rural,0,standard,1,4.5,154153,31,12,7.2,winter,0,0.8,0.203,LOW,0
landscaping,3,329.1,2,urban,2,premium,2,4.5,97706,117,42,7.7,winter,0,0.8,0.338,LOW,0
landscaping,3,282.2,1,suburban,1,basic,0,3.6,84822,109,34,10.9,autumn,3,0.3,0.201,LOW,1
landscaping,3,53.5,5,urban,2,basic,0,4.6,52766,92,5,2.2,spring,1,0.1,0.359,MEDIUM,1
landscaping,3,222.1,2,urban,2,basic,0,3.8,27503,71,15,12.3,autumn,3,0.3,0.097,LOW,0
landscaping,3,33.2,4,urban,2,premium,2,3.6,194714,18,5,8.8,spring,1,0.1,0.183,LOW,0
renovation,1,66.9,7,rural,0,basic,0,2.3,35214,107,5,5.8,summer,2,0.1,0.072,LOW,0
landscaping,3,489.8,7,suburban,1,premium,2,1.0,88426,14,14,1.0,winter,0,0.8,0.338,LOW,0
house,0,126.5,1,urban,2,standard,1,2.1,45924,72,25,4.3,autumn,3,0.3,0.229,LOW,0
commercial,2,395.9,2,suburban,1,basic,0,3.3,165344,108,75,5.8,summer,2,0.1,0.147,LOW,0
commercial,2,346.5,2,urban,2,premium,2,2.1,40176,54,66,4.8,winter,0,0.8,0.473,MEDIUM,0
commercial,2,411.6,4,rural,0,standard,1,4.0,159842,83,86,10.9,autumn,3,0.3,0.116,LOW,1
renovation,1,49.6,4,suburban,1,basic,0,2.7,97346,82,5,8.6,spring,1,0.1,0.093,LOW,0
renovation,1,427.1,6,urban,2,standard,1,3.5,118065,102,32,5.3,spring,1,0.1,0.142,LOW,0
house,0,315.0,1,rural,0,premium,2,1.6,56472,114,90,3.6,winter,0,0.8,0.236,LOW,0
renovation,1,160.6,5,urban,2,basic,0,1.1,106766,63,5,8.2,summer,2,0.1,0.0,LOW,0
house,0,499.8,1,suburban,1,premium,2,4.1,65711,39,341,2.0,winter,0,0.8,1.0,HIGH,1
commercial,2,31.5,7,suburban,1,standard,1,2.5,158451,95,5,10.3,winter,0,0.8,0.205,LOW,0
commercial,2,471.1,5,rural,0,premium,2,1.3,168219,19,49,4.7,spring,1,0.1,0.511,MEDIUM,1
renovation,1,156.8,4,urban,2,premium,2,2.9,115984,100,12,10.3,summer,2,0.1,0.037,LOW,0
landscaping,3,108.1,4,urban,2,premium,2,2.3,146030,29,5,10.2,spring,1,0.1,0.007,LOW,0
house,0,298.2,6,suburban,1,premium,2,4.4,5036,34,51,8.7,winter,0,0.8,0.973,HIGH,1
commercial,2,81.5,5,rural,0,basic,0,2.2,70675,80,6,14.7,summer,2,0.1,0.101,LOW,0
renovation,1,238.3,4,urban,2,premium,2,2.9,81006,92,18,14.3,summer,2,0.1,0.087,LOW,0
house,0,313.6,4,suburban,1,premium,2,2.8,190868,54,53,3.7,winter,0,0.8,0.226,LOW,0
house,0,182.1,7,suburban,1,premium,2,2.8,68401,48,18,7.5,summer,2,0.1,0.191,LOW,1
commercial,2,99.3,1,rural,0,basic,0,4.8,82510,110,47,10.5,summer,2,0.1,0.309,LOW,0
landscaping,3,459.8,3,rural,0,standard,1,2.9,173812,79,32,14.1,winter,0,0.8,0.054,LOW,0
commercial,2,388.6,6,suburban,1,premium,2,3.9,185923,65,120,1.0,winter,0,0.8,0.805,HIGH,1
renovation,1,225.9,6,rural,0,premium,2,2.7,193381,16,27,3.1,autumn,3,0.3,0.486,MEDIUM,1
house,0,33.9,2,rural,0,basic,0,1.1,141956,19,5,13.4,summer,2,0.1,0.041,LOW,0
commercial,2,32.5,1,suburban,1,standard,1,4.9,125173,103,16,14.4,spring,1,0.1,0.202,LOW,0
house,0,391.9,5,suburban,1,premium,2,1.4,184781,114,37,0.7,summer,2,0.1,0.22,LOW,0
commercial,2,250.6,6,urban,2,standard,1,1.9,5184,98,16,9.8,spring,1,0.1,0.339,LOW,1
commercial,2,358.8,7,rural,0,premium,2,2.6,107362,40,62,5.4,summer,2,0.1,0.448,MEDIUM,1
landscaping,3,459.9,5,rural,0,premium,2,2.0,12361,59,23,9.3,summer,2,0.1,0.351,MEDIUM,1
renovation,1,144.3,4,rural,0,standard,1,4.0,103197,53,16,12.4,autumn,3,0.3,0.278,LOW,0
renovation,1,70.8,4,rural,0,premium,2,4.9,58457,106,12,9.7,autumn,3,0.3,0.246,LOW,0
renovation,1,457.1,1,suburban,1,basic,0,2.4,145204,101,79,1.0,spring,1,0.1,0.332,LOW,0
landscaping,3,225.9,3,suburban,1,premium,2,1.4,131799,45,12,2.8,summer,2,0.1,0.134,LOW,1
landscaping,3,419.1,1,urban,2,basic,0,2.7,56772,119,45,4.0,spring,1,0.1,0.144,LOW,1
renovation,1,320.3,5,urban,2,premium,2,2.6,46201,26,28,3.7,spring,1,0.1,0.112,LOW,0
renovation,1,180.2,1,suburban,1,premium,2,2.8,113430,100,37,10.7,spring,1,0.1,0.158,LOW,0
landscaping,3,110.7,2,rural,0,premium,2,4.0,183606,27,17,11.4,spring,1,0.1,0.014,LOW,0
commercial,2,448.6,3,rural,0,premium,2,1.3,165120,62,45,12.6,winter,0,0.8,0.033,LOW,0
renovation,1,234.4,2,suburban,1,basic,0,1.9,126669,106,17,2.3,winter,0,0.8,0.177,LOW,0
commercial,2,418.9,6,suburban,1,standard,1,3.3,112919,96,65,4.7,summer,2,0.1,0.243,LOW,1
landscaping,3,204.0,4,urban,2,premium,2,4.1,157865,33,17,12.9,summer,2,0.1,0.279,LOW,0
renovation,1,113.4,5,rural,0,basic,0,2.1,15359,78,5,8.3,spring,1,0.1,0.0,LOW,0
renovation,1,234.1,1,rural,0,premium,2,4.3,112939,109,88,12.5,summer,2,0.1,0.292,LOW,0
renovation,1,45.8,1,urban,2,basic,0,2.7,72190,70,5,13.2,spring,1,0.1,0.102,LOW,0
house,0,136.9,5,suburban,1,basic,0,2.0,40945,59,6,8.4,autumn,3,0.3,0.068,LOW,0
renovation,1,236.6,2,urban,2,premium,2,3.7,96748,114,44,4.1,autumn,3,0.3,0.308,LOW,0
commercial,2,99.3,7,rural,0,standard,1,4.5,38259,111,26,3.2,autumn,3,0.3,0.234,LOW,0
landscaping,3,349.6,4,rural,0,basic,0,1.9,186210,59,11,14.8,spring,1,0.1,0.043,LOW,0
renovation,1,366.8,3,rural,0,standard,1,1.7,64559,112,21,6.7,winter,0,0.8,0.172,LOW,0
commercial,2,332.9,7,suburban,1,basic,0,1.1,127724,29,10,12.8,spring,1,0.1,0.096,LOW,1
renovation,1,448.7,6,rural,0,basic,0,4.1,126391,107,51,2.9,autumn,3,0.3,0.321,LOW,0
landscaping,3,163.0,5,urban,2,standard,1,4.9,55777,92,11,9.6,autumn,3,0.3,0.175,LOW,0
renovation,1,315.4,1,suburban,1,standard,1,2.0,104955,43,36,9.0,winter,0,0.8,0.21,LOW,0
landscaping,3,485.3,4,urban,2,standard,1,4.1,69871,71,51,0.7,autumn,3,0.3,0.453,MEDIUM,0
house,0,267.8,3,urban,2,basic,0,2.3,57007,37,26,2.4,autumn,3,0.3,0.18,LOW,0
landscaping,3,424.4,2,rural,0,basic,0,3.8,54318,50,42,6.3,autumn,3,0.3,0.267,LOW,0
house,0,306.3,6,urban,2,standard,1,1.7,46547,87,14,10.4,winter,0,0.8,0.116,LOW,0
renovation,1,472.9,6,suburban,1,standard,1,1.4,191102,107,14,6.3,autumn,3,0.3,0.0,LOW,0
commercial,2,210.6,2,suburban,1,standard,1,4.1,145212,111,53,13.9,spring,1,0.1,0.156,LOW,0
landscaping,3,420.2,1,suburban,1,premium,2,4.2,119073,64,110,5.9,winter,0,0.8,0.865,HIGH,1
renovation,1,419.6,5,suburban,1,premium,2,5.0,144078,12,88,1.9,autumn,3,0.3,0.854,HIGH,1
house,0,97.5,3,urban,2,premium,2,3.6,177208,18,19,5.6,winter,0,0.8,0.244,LOW,0
renovation,1,285.8,4,urban,2,premium,2,1.2,169897,102,9,12.2,spring,1,0.1,0.016,LOW,0
landscaping,3,66.5,5,suburban,1,standard,1,3.9,182067,50,6,0.6,autumn,3,0.3,0.309,LOW,0
house,0,169.8,1,rural,0,standard,1,4.8,15441,62,82,14.1,spring,1,0.1,0.695,HIGH,1
landscaping,3,290.7,5,rural,0,standard,1,3.8,42208,60,21,12.1,summer,2,0.1,0.011,LOW,0
renovation,1,399.7,4,urban,2,premium,2,2.0,85743,38,27,4.9,winter,0,0.8,0.24,LOW,0
house,0,318.3,5,rural,0,premium,2,1.4,140328,117,31,2.6,autumn,3,0.3,0.263,LOW,1
commercial,2,396.8,7,rural,0,premium,2,4.4,29676,100,97,14.5,autumn,3,0.3,0.521,MEDIUM,1
renovation,1,488.3,6,suburban,1,premium,2,4.7,106593,72,59,8.2,autumn,3,0.3,0.17,LOW,0
house,0,389.6,1,rural,0,standard,1,2.7,19108,108,107,10.0,spring,1,0.1,0.414,MEDIUM,0
renovation,1,378.5,6,rural,0,basic,0,4.6,191744,110,37,6.1,winter,0,0.8,0.196,LOW,0
landscaping,3,192.7,4,suburban,1,standard,1,3.4,123232,98,11,14.6,autumn,3,0.3,0.091,LOW,0
commercial,2,91.7,3,urban,2,basic,0,3.0,39788,35,13,4.0,winter,0,0.8,0.239,LOW,0
renovation,1,431.9,2,rural,0,basic,0,2.0,173106,27,45,0.8,summer,2,0.1,0.675,HIGH,1
house,0,97.1,5,suburban,1,standard,1,4.5,179181,11,13,7.7,autumn,3,0.3,0.442,MEDIUM,1
house,0,476.0,2,urban,2,standard,1,4.0,103540,30,91,6.6,spring,1,0.1,0.485,MEDIUM,0
renovation,1,485.5,1,urban,2,premium,2,1.6,43155,40,58,6.2,autumn,3,0.3,0.744,HIGH,1
landscaping,3,296.9,3,suburban,1,standard,1,3.4,35025,53,20,8.7,winter,0,0.8,0.32,LOW,0
house,0,168.8,4,rural,0,premium,2,4.3,141070,32,57,2.8,summer,2,0.1,0.739,HIGH,1
renovation,1,282.1,7,rural,0,basic,0,2.8,122200,100,19,3.5,spring,1,0.1,0.119,LOW,0
house,0,381.0,7,urban,2,standard,1,1.4,168357,106,13,13.4,winter,0,0.8,0.23,LOW,0
renovation,1,495.3,6,rural,0,premium,2,2.5,60995,45,40,6.8,summer,2,0.1,0.0,LOW,1
commercial,2,467.6,3,rural,0,basic,0,4.4,194707,14,128,4.3,winter,0,0.8,0.681,HIGH,1
landscaping,3,318.4,6,rural,0,basic,0,2.9,198786,24,13,9.2,summer,2,0.1,0.0,LOW,1
renovation,1,183.8,2,suburban,1,premium,2,2.8,54099,35,22,8.9,summer,2,0.1,0.0,LOW,0
house,0,246.7,5,rural,0,standard,1,4.9,182734,60,46,10.6,summer,2,0.1,0.248,LOW,0
commercial,2,78.5,3,suburban,1,basic,0,3.1,116559,53,9,12.7,autumn,3,0.3,0.117,LOW,0
house,0,247.0,2,suburban,1,standard,1,2.2,14754,33,26,14.4,spring,1,0.1,0.307,LOW,0
house,0,148.6,7,urban,2,standard,1,2.0,14642,113,11,2.0,summer,2,0.1,0.327,LOW,1
landscaping,3,280.8,2,urban,2,basic,0,2.0,6756,90,9,9.2,spring,1,0.1,0.302,LOW,0
house,0,269.5,2,rural,0,premium,2,3.4,63118,65,70,12.0,winter,0,0.8,0.123,LOW,0
landscaping,3,280.0,7,urban,2,premium,2,4.2,89188,111,19,13.3,summer,2,0.1,0.288,LOW,0
landscaping,3,149.0,1,urban,2,standard,1,3.2,68761,79,18,11.8,summer,2,0.1,0.126,LOW,0
commercial,2,292.2,6,rural,0,premium,2,4.0,142658,46,67,9.2,autumn,3,0.3,0.628,HIGH,1
landscaping,3,72.1,5,suburban,1,basic,0,2.7,154028,9,5,7.0,spring,1,0.1,0.053,LOW,1
commercial,2,50.3,4,rural,0,basic,0,4.0,190857,58,10,4.9,winter,0,0.8,0.389,MEDIUM,1
house,0,31.5,2,suburban,1,premium,2,3.3,98413,44,6,12.5,winter,0,0.8,0.093,LOW,0
renovation,1,176.2,2,urban,2,standard,1,2.6,190849,29,13,7.7,autumn,3,0.3,0.0,LOW,0
house,0,285.5,3,suburban,1,standard,1,3.3,118760,45,59,1.6,spring,1,0.1,0.436,MEDIUM,1
house,0,39.4,7,urban,2,basic,0,4.9,27983,105,5,3.3,summer,2,0.1,0.398,MEDIUM,1
commercial,2,498.7,4,rural,0,standard,1,4.4,89644,28,115,9.1,summer,2,0.1,0.586,MEDIUM,1
commercial,2,169.5,4,rural,0,basic,0,4.6,180688,98,33,13.6,summer,2,0.1,0.085,LOW,1
commercial,2,222.6,7,suburban,1,premium,2,4.6,6923,58,47,8.2,winter,0,0.8,0.544,MEDIUM,0
renovation,1,451.0,4,rural,0,standard,1,4.5,98965,74,57,9.6,summer,2,0.1,0.142,LOW,0
landscaping,3,434.1,3,suburban,1,basic,0,2.3,40855,106,25,1.8,spring,1,0.1,0.305,LOW,0
landscaping,3,127.9,6,rural,0,premium,2,2.3,68418,38,9,3.5,autumn,3,0.3,0.21,LOW,1
commercial,2,381.7,7,suburban,1,standard,1,3.1,151616,97,42,14.0,winter,0,0.8,0.199,LOW,1
commercial,2,216.7,4,urban,2,premium,2,4.5,31232,95,50,7.7,summer,2,0.1,0.211,LOW,0
house,0,299.3,4,rural,0,premium,2,4.8,132453,92,79,8.1,summer,2,0.1,0.152,LOW,0
commercial,2,290.9,7,rural,0,basic,0,1.9,76821,98,18,10.6,summer,2,0.1,0.146,LOW,0
house,0,389.4,3,suburban,1,standard,1,3.3,179389,78,67,4.2,spring,1,0.1,0.166,LOW,0
landscaping,3,353.1,4,rural,0,premium,2,4.4,198555,75,47,6.2,winter,0,0.8,0.252,LOW,0
commercial,2,450.5,4,urban,2,standard,1,2.5,187239,58,45,8.3,winter,0,0.8,0.035,LOW,0
commercial,2,421.3,2,suburban,1,basic,0,1.2,176999,8,24,10.8,autumn,3,0.3,0.415,MEDIUM,1
renovation,1,151.7,6,suburban,1,standard,1,3.8,24343,118,15,4.2,summer,2,0.1,0.206,LOW,0
renovation,1,134.7,7,urban,2,standard,1,2.7,142530,50,8,3.2,spring,1,0.1,0.117,LOW,0
house,0,478.5,7,suburban,1,basic,0,1.6,185304,118,21,4.8,spring,1,0.1,0.151,LOW,0
house,0,405.4,4,suburban,1,premium,2,3.9,18328,72,98,3.8,winter,0,0.8,0.792,HIGH,1
landscaping,3,442.9,4,urban,2,basic,0,1.1,150189,116,7,5.9,spring,1,0.1,0.0,LOW,0
commercial,2,107.9,7,suburban,1,premium,2,1.3,76931,25,6,9.6,summer,2,0.1,0.118,LOW,0
commercial,2,84.6,7,rural,0,basic,0,2.3,151202,56,6,13.5,spring,1,0.1,0.009,LOW,0
renovation,1,476.6,4,urban,2,basic,0,1.0,52254,84,10,5.3,autumn,3,0.3,0.0,LOW,1
landscaping,3,155.9,2,urban,2,premium,2,1.7,147614,71,10,3.1,winter,0,0.8,0.257,LOW,0
house,0,430.6,4,suburban,1,basic,0,1.6,160715,63,26,3.5,winter,0,0.8,0.235,LOW,0
commercial,2,135.6,5,suburban,1,basic,0,2.6,124207,103,15,3.8,winter,0,0.8,0.185,LOW,0
commercial,2,302.4,4,rural,0,premium,2,4.3,39066,27,147,0.7,summer,2,0.1,0.895,HIGH,1
renovation,1,314.9,2,suburban,1,basic,0,3.9,60550,23,32,9.9,spring,1,0.1,0.197,LOW,0
commercial,2,189.4,1,suburban,1,premium,2,1.7,187235,111,45,10.7,summer,2,0.1,0.105,LOW,0
landscaping,3,326.5,1,urban,2,basic,0,1.5,189920,8,14,9.2,summer,2,0.1,0.504,MEDIUM,1
renovation,1,233.8,4,rural,0,standard,1,4.6,57650,21,37,4.9,winter,0,0.8,0.78,HIGH,1
house,0,403.3,2,urban,2,premium,2,3.0,65863,35,69,13.8,winter,0,0.8,0.571,MEDIUM,1
renovation,1,70.0,6,urban,2,standard,1,1.9,180009,80,5,5.5,summer,2,0.1,0.067,LOW,0
commercial,2,415.1,3,rural,0,premium,2,3.7,43255,68,157,4.2,summer,2,0.1,0.614,HIGH,1
renovation,1,358.6,6,rural,0,basic,0,2.4,168262,118,16,14.2,summer,2,0.1,0.029,LOW,0
commercial,2,60.0,3,urban,2,standard,1,2.5,156396,72,6,11.8,winter,0,0.8,0.044,LOW,0
renovation,1,150.4,5,rural,0,standard,1,3.8,117582,105,21,2.8,winter,0,0.8,0.274,LOW,0
house,0,343.2,4,suburban,1,basic,0,1.2,191154,15,11,10.6,winter,0,0.8,0.081,LOW,0
landscaping,3,464.6,1,suburban,1,basic,0,1.4,194002,27,35,1.4,autumn,3,0.3,0.622,HIGH,1
commercial,2,288.0,6,suburban,1,standard,1,1.2,115554,12,12,9.9,spring,1,0.1,0.005,LOW,1
house,0,251.5,2,suburban,1,premium,2,3.1,112258,92,50,12.9,spring,1,0.1,0.127,LOW,1
house,0,470.8,6,urban,2,standard,1,3.8,101182,20,49,9.6,winter,0,0.8,0.589,MEDIUM,0
landscaping,3,291.7,1,suburban,1,premium,2,4.1,104604,25,64,9.3,autumn,3,0.3,0.82,HIGH,1
landscaping,3,189.6,1,rural,0,basic,0,3.7,89327,88,45,1.1,spring,1,0.1,0.411,MEDIUM,1
commercial,2,203.3,2,suburban,1,standard,1,3.9,199869,13,62,4.6,spring,1,0.1,0.642,HIGH,1
commercial,2,172.9,3,suburban,1,standard,1,4.3,83995,20,37,14.0,autumn,3,0.3,0.555,MEDIUM,0
house,0,212.0,4,rural,0,standard,1,3.1,140436,25,27,9.9,winter,0,0.8,0.077,LOW,0
commercial,2,150.7,5,suburban,1,standard,1,1.4,167719,94,8,9.4,spring,1,0.1,0.0,LOW,0
commercial,2,131.5,3,suburban,1,premium,2,4.8,161070,85,41,9.0,spring,1,0.1,0.268,LOW,0
house,0,316.1,5,suburban,1,premium,2,1.6,131279,107,31,2.7,winter,0,0.8,0.166,LOW,0
commercial,2,409.2,1,urban,2,premium,2,4.6,172514,50,229,8.3,winter,0,0.8,0.692,HIGH,1
commercial,2,68.3,4,urban,2,standard,1,2.1,144776,36,5,10.3,autumn,3,0.3,0.0,LOW,0
landscaping,3,224.8,2,rural,0,premium,2,4.3,86957,108,50,3.8,spring,1,0.1,0.261,LOW,0
renovation,1,169.5,3,suburban,1,standard,1,2.7,194005,8,12,13.6,winter,0,0.8,0.42,MEDIUM,0
commercial,2,39.5,2,rural,0,premium,2,2.0,68135,93,9,5.1,autumn,3,0.3,0.048,LOW,0
landscaping,3,57.3,3,urban,2,standard,1,4.6,196428,37,6,3.0,spring,1,0.1,0.314,LOW,0
renovation,1,68.0,3,urban,2,premium,2,4.8,185519,75,10,10.7,winter,0,0.8,0.291,LOW,1
landscaping,3,178.1,3,rural,0,premium,2,4.0,179924,81,22,13.4,autumn,3,0.3,0.063,LOW,0
commercial,2,301.1,7,urban,2,basic,0,3.9,32397,87,30,14.2,autumn,3,0.3,0.179,LOW,0
renovation,1,377.9,2,suburban,1,standard,1,4.8,148648,34,59,10.7,winter,0,0.8,0.581,MEDIUM,1
house,0,293.7,4,urban,2,premium,2,2.4,63478,46,29,13.6,autumn,3,0.3,0.006,LOW,0
commercial,2,149.3,6,suburban,1,premium,2,3.6,124855,15,37,3.0,winter,0,0.8,0.699,HIGH,1
house,0,422.8,7,rural,0,basic,0,4.0,105980,45,46,8.7,winter,0,0.8,0.287,LOW,0
renovation,1,307.9,7,urban,2,basic,0,1.9,111233,16,7,9.8,autumn,3,0.3,0.155,LOW,0
commercial,2,197.8,4,suburban,1,premium,2,2.0,176046,85,22,7.3,autumn,3,0.3,0.152,LOW,0
renovation,1,120.9,2,rural,0,premium,2,1.1,179602,93,11,1.1,summer,2,0.1,0.341,LOW,0
commercial,2,246.4,2,urban,2,premium,2,4.4,95859,103,78,12.6,summer,2,0.1,0.113,LOW,0
landscaping,3,31.2,5,urban,2,standard,1,2.7,21698,83,5,14.2,winter,0,0.8,0.102,LOW,0
house,0,464.3,3,urban,2,premium,2,4.9,177998,69,158,2.3,autumn,3,0.3,0.818,HIGH,1
renovation,1,246.7,1,suburban,1,basic,0,1.2,80351,85,18,2.9,summer,2,0.1,0.263,LOW,0
house,0,283.5,5,rural,0,premium,2,4.2,197700,80,62,7.0,summer,2,0.1,0.194,LOW,0
house,0,205.0,1,suburban,1,basic,0,4.0,22350,108,55,10.9,spring,1,0.1,0.27,LOW,0
landscaping,3,134.1,5,urban,2,premium,2,2.3,104311,97,5,8.5,autumn,3,0.3,0.051,LOW,1
commercial,2,482.9,2,urban,2,standard,1,2.2,108566,42,59,8.4,autumn,3,0.3,0.279,LOW,0
landscaping,3,58.8,3,suburban,1,premium,2,2.3,79416,15,5,6.0,spring,1,0.1,0.048,LOW,0
renovation,1,391.6,3,suburban,1,basic,0,2.8,131101,115,23,11.3,spring,1,0.1,0.057,LOW,0
landscaping,3,129.4,7,suburban,1,standard,1,2.3,141537,14,6,0.7,spring,1,0.1,0.172,LOW,1
commercial,2,63.8,6,urban,2,basic,0,2.4,194017,105,6,2.0,spring,1,0.1,0.168,LOW,0
house,0,167.4,1,rural,0,premium,2,3.1,96028,39,109,0.9,winter,0,0.8,0.867,HIGH,1
renovation,1,297.7,5,urban,2,standard,1,4.3,83636,22,24,11.4,autumn,3,0.3,0.168,LOW,0
renovation,1,126.3,3,rural,0,basic,0,3.6,11776,113,11,11.0,autumn,3,0.3,0.397,MEDIUM,1
landscaping,3,240.5,6,urban,2,premium,2,2.6,173895,81,13,5.2,autumn,3,0.3,0.116,LOW,0
renovation,1,106.2,2,suburban,1,premium,2,2.0,133826,102,9,14.8,autumn,3,0.3,0.133,LOW,1
landscaping,3,131.6,6,suburban,1,standard,1,1.1,135798,40,5,2.8,spring,1,0.1,0.013,LOW,0
renovation,1,411.8,4,suburban,1,premium,2,4.0,89541,25,49,12.6,winter,0,0.8,0.542,MEDIUM,1
landscaping,3,114.4,5,urban,2,basic,0,4.8,19016,93,7,5.2,summer,2,0.1,0.227,LOW,0
landscaping,3,184.7,6,urban,2,premium,2,3.3,48964,57,10,7.5,summer,2,0.1,0.027,LOW,1
house,0,367.5,7,rural,0,premium,2,2.4,114528,48,38,8.5,autumn,3,0.3,0.15,LOW,1
commercial,2,331.8,7,rural,0,premium,2,2.3,43891,106,42,12.0,autumn,3,0.3,0.147,LOW,0
house,0,495.4,7,rural,0,premium,2,3.1,184186,61,69,9.8,summer,2,0.1,0.382,MEDIUM,0
landscaping,3,127.2,5,urban,2,basic,0,3.5,41791,53,5,12.6,winter,0,0.8,0.095,LOW,0
renovation,1,472.3,4,suburban,1,premium,2,3.5,164799,7,50,11.5,winter,0,0.8,0.66,HIGH,1
commercial,2,460.3,3,urban,2,basic,0,2.0,28379,34,38,6.1,summer,2,0.1,0.388,MEDIUM,1
house,0,340.7,5,suburban,1,standard,1,4.3,62309,119,50,6.8,autumn,3,0.3,0.214,LOW,0
commercial,2,237.4,1,suburban,1,standard,1,2.7,24877,93,67,13.8,summer,2,0.1,0.193,LOW,0
commercial,2,360.2,3,rural,0,basic,0,1.0,129112,38,18,12.0,summer,2,0.1,0.032,LOW,0
commercial,2,325.0,3,rural,0,premium,2,1.1,94973,17,28,8.4,autumn,3,0.3,0.514,MEDIUM,0
renovation,1,265.9,1,urban,2,basic,0,1.7,88044,97,24,3.8,summer,2,0.1,0.173,LOW,1
house,0,193.6,6,suburban,1,standard,1,4.4,112986,117,25,14.8,winter,0,0.8,0.246,LOW,0
renovation,1,453.3,5,urban,2,basic,0,1.1,78483,14,9,4.5,summer,2,0.1,0.065,LOW,0
commercial,2,317.8,7,rural,0,premium,2,2.0,120791,50,35,10.3,summer,2,0.1,0.051,LOW,1
commercial,2,154.3,7,suburban,1,basic,0,4.0,153797,77,26,2.1,winter,0,0.8,0.308,LOW,0
renovation,1,162.4,7,urban,2,premium,2,2.0,154282,116,10,2.6,spring,1,0.1,0.249,LOW,1
landscaping,3,327.9,2,suburban,1,basic,0,1.2,124950,56,8,6.9,summer,2,0.1,0.051,LOW,0
renovation,1,179.4,5,suburban,1,basic,0,3.9,13255,70,15,4.9,winter,0,0.8,0.547,MEDIUM,1
commercial,2,222.8,2,rural,0,basic,0,2.7,43546,8,36,11.0,spring,1,0.1,0.439,MEDIUM,0
landscaping,3,168.9,1,suburban,1,standard,1,1.6,143153,27,11,12.1,spring,1,0.1,0.157,LOW,0
landscaping,3,57.5,3,urban,2,premium,2,4.8,157024,119,6,10.1,spring,1,0.1,0.136,LOW,0
renovation,1,392.9,1,urban,2,premium,2,3.3,50221,107,140,0.8,summer,2,0.1,0.751,HIGH,1
house,0,328.7,3,urban,2,standard,1,1.5,168200,52,17,12.5,winter,0,0.8,0.032,LOW,0
house,0,464.1,1,rural,0,standard,1,1.7,115335,14,112,2.8,autumn,3,0.3,0.648,HIGH,1
landscaping,3,379.2,2,suburban,1,standard,1,4.4,104454,22,41,13.1,spring,1,0.1,0.533,MEDIUM,1
landscaping,3,474.8,6,urban,2,premium,2,4.4,121345,43,41,6.2,autumn,3,0.3,0.131,LOW,0
landscaping,3,310.9,4,suburban,1,basic,0,1.5,26556,37,6,14.5,autumn,3,0.3,0.094,LOW,0
house,0,199.6,4,suburban,1,standard,1,4.0,77502,85,28,14.1,autumn,3,0.3,0.097,LOW,0
commercial,2,149.3,1,urban,2,premium,2,4.7,186928,44,135,1.4,winter,0,0.8,0.967,HIGH,1
house,0,93.6,4,urban,2,premium,2,2.8,150139,35,10,10.8,summer,2,0.1,0.134,LOW,0
landscaping,3,177.3,2,urban,2,premium,2,3.4,139283,59,20,5.6,summer,2,0.1,0.073,LOW,0
commercial,2,235.0,7,suburban,1,standard,1,2.6,7138,82,27,5.0,winter,0,0.8,0.478,MEDIUM,1
commercial,2,328.0,7,urban,2,premium,2,4.1,139157,26,58,7.0,autumn,3,0.3,0.757,HIGH,1
landscaping,3,486.2,2,urban,2,premium,2,4.3,15403,21,61,9.1,spring,1,0.1,0.798,HIGH,1
renovation,1,303.1,7,urban,2,standard,1,4.4,62904,32,24,6.5,spring,1,0.1,0.125,LOW,0
commercial,2,225.5,3,urban,2,basic,0,4.7,78263,18,38,8.2,winter,0,0.8,0.671,HIGH,1
house,0,152.3,6,rural,0,standard,1,2.8,140484,35,17,5.8,winter,0,0.8,0.0,LOW,0
house,0,33.6,5,urban,2,standard,1,2.8,69344,47,5,14.7,summer,2,0.1,0.003,LOW,1
renovation,1,268.7,7,urban,2,standard,1,2.7,69794,43,19,1.9,summer,2,0.1,0.183,LOW,0
renovation,1,481.1,1,rural,0,basic,0,2.9,167170,115,82,6.6,winter,0,0.8,0.232,LOW,0
house,0,418.4,2,urban,2,premium,2,3.5,9869,107,90,6.7,spring,1,0.1,0.39,MEDIUM,1
house,0,138.4,4,urban,2,basic,0,4.6,174521,45,25,1.7,winter,0,0.8,0.455,MEDIUM,1
renovation,1,345.9,1,suburban,1,premium,2,3.7,56180,16,129,3.6,spring,1,0.1,0.782,HIGH,1
house,0,57.5,3,urban,2,basic,0,1.6,165442,66,5,10.7,summer,2,0.1,0.0,LOW,0
commercial,2,371.3,6,suburban,1,premium,2,3.3,27457,42,67,6.1,winter,0,0.8,0.842,HIGH,1
landscaping,3,301.1,7,suburban,1,standard,1,4.6,136742,97,21,6.3,summer,2,0.1,0.262,LOW,0
commercial,2,471.9,7,rural,0,basic,0,4.9,160780,49,78,8.4,summer,2,0.1,0.619,HIGH,1
house,0,55.1,1,suburban,1,standard,1,1.4,94428,27,8,5.0,summer,2,0.1,0.287,LOW,0
house,0,190.2,6,suburban,1,standard,1,2.4,26306,60,20,2.8,spring,1,0.1,0.078,LOW,0
landscaping,3,49.8,2,rural,0,standard,1,4.7,75483,35,6,11.2,spring,1,0.1,0.186,LOW,0
landscaping,3,96.3,7,rural,0,premium,2,4.7,83630,93,16,0.8,autumn,3,0.3,0.423,MEDIUM,0
house,0,298.1,2,rural,0,premium,2,2.3,54226,21,54,14.5,autumn,3,0.3,0.42,MEDIUM,0
renovation,1,86.1,5,urban,2,premium,2,1.5,81627,112,5,13.6,winter,0,0.8,0.131,LOW,0
landscaping,3,362.8,2,urban,2,standard,1,2.8,24884,64,22,7.5,winter,0,0.8,0.32,LOW,0
house,0,269.3,3,rural,0,basic,0,1.5,173712,109,21,3.1,summer,2,0.1,0.155,LOW,1
landscaping,3,349.2,7,rural,0,standard,1,3.1,48436,90,27,2.3,spring,1,0.1,0.28,LOW,0
house,0,149.2,2,rural,0,premium,2,1.3,14067,49,20,4.3,autumn,3,0.3,0.081,LOW,0
commercial,2,77.1,5,rural,0,premium,2,4.2,106503,87,31,1.8,summer,2,0.1,0.367,MEDIUM,1
landscaping,3,101.2,1,urban,2,basic,0,4.8,116517,20,14,7.7,autumn,3,0.3,0.28,LOW,0
landscaping,3,197.1,5,suburban,1,standard,1,3.6,134435,58,13,5.4,winter,0,0.8,0.203,LOW,0
renovation,1,278.3,5,rural,0,standard,1,4.6,70551,119,32,12.3,autumn,3,0.3,0.232,LOW,0
house,0,101.0,6,urban,2,premium,2,1.9,132964,22,9,2.4,summer,2,0.1,0.124,LOW,0
commercial,2,360.6,4,urban,2,standard,1,4.2,73531,92,88,2.4,autumn,3,0.3,0.198,LOW,1
house,0,432.1,2,urban,2,premium,2,1.8,194115,105,62,3.7,winter,0,0.8,0.316,LOW,0
commercial,2,217.3,7,urban,2,standard,1,2.2,164730,31,23,1.4,winter,0,0.8,0.24,LOW,0
landscaping,3,63.5,7,suburban,1,premium,2,2.1,95494,34,5,6.6,spring,1,0.1,0.196,LOW,1
renovation,1,366.4,3,urban,2,basic,0,3.8,9386,82,26,10.6,autumn,3,0.3,0.384,MEDIUM,1
renovation,1,87.7,6,suburban,1,premium,2,3.0,177677,116,8,4.4,autumn,3,0.3,0.15,LOW,0
house,0,219.4,4,urban,2,premium,2,2.1,54168,89,19,8.9,summer,2,0.1,0.0,LOW,0
landscaping,3,448.2,2,rural,0,premium,2,1.2,37862,33,24,5.9,autumn,3,0.3,0.04,LOW,1
renovation,1,499.3,3,rural,0,basic,0,4.7,47076,32,74,4.9,spring,1,0.1,0.949,HIGH,1
house,0,477.0,3,urban,2,premium,2,1.1,70658,111,24,11.3,spring,1,0.1,0.158,LOW,0
landscaping,3,225.5,6,suburban,1,basic,0,2.2,125292,104,7,5.8,summer,2,0.1,0.0,LOW,1
landscaping,3,123.2,6,urban,2,standard,1,2.1,189782,31,5,2.2,winter,0,0.8,0.231,LOW,0
house,0,240.1,2,suburban,1,basic,0,2.1,116295,82,20,13.0,summer,2,0.1,0.087,LOW,0
house,0,109.0,3,suburban,1,basic,0,4.7,180770,100,16,8.5,spring,1,0.1,0.154,LOW,1
landscaping,3,291.8,7,urban,2,premium,2,1.6,129028,10,7,15.0,spring,1,0.1,0.085,LOW,0
renovation,1,432.4,1,rural,0,basic,0,3.1,114405,81,101,3.5,spring,1,0.1,0.441,MEDIUM,0
landscaping,3,356.8,5,urban,2,basic,0,4.1,37038,67,16,11.5,autumn,3,0.3,0.342,LOW,0
house,0,487.7,5,rural,0,premium,2,1.8,150301,112,56,4.3,spring,1,0.1,0.086,LOW,0
house,0,221.5,5,rural,0,premium,2,2.9,92624,10,41,4.5,winter,0,0.8,0.706,HIGH,1
commercial,2,421.7,5,rural,0,standard,1,2.2,67855,89,44,9.1,spring,1,0.1,0.0,LOW,1
house,0,48.0,5,rural,0,basic,0,1.0,13343,54,5,13.4,autumn,3,0.3,0.073,LOW,0
renovation,1,231.8,5,rural,0,basic,0,1.9,82863,71,8,13.1,autumn,3,0.3,0.0,LOW,0
commercial,2,473.8,4,urban,2,premium,2,3.8,26801,115,92,13.1,autumn,3,0.3,0.408,MEDIUM,1
commercial,2,341.2,2,rural,0,premium,2,1.2,6996,87,39,8.0,spring,1,0.1,0.37,MEDIUM,1
commercial,2,101.1,3,rural,0,basic,0,4.9,64671,11,38,1.1,spring,1,0.1,0.692,HIGH,1
commercial,2,210.5,7,rural,0,basic,0,2.2,114515,26,15,10.7,summer,2,0.1,0.102,LOW,0
renovation,1,374.1,4,suburban,1,basic,0,3.3,88822,114,25,6.6,summer,2,0.1,0.129,LOW,0
renovation,1,374.4,3,suburban,1,basic,0,2.9,175046,117,36,1.5,winter,0,0.8,0.315,LOW,1
renovation,1,396.7,4,rural,0,premium,2,2.5,77826,94,35,13.5,autumn,3,0.3,0.096,LOW,0
renovation,1,105.4,4,rural,0,standard,1,3.8,193556,29,11,14.1,winter,0,0.8,0.069,LOW,0
house,0,143.1,2,rural,0,basic,0,1.9,71859,37,12,11.5,winter,0,0.8,0.042,LOW,1
commercial,2,338.7,4,suburban,1,premium,2,4.6,41755,19,113,4.7,autumn,3,0.3,0.798,HIGH,1
renovation,1,469.9,7,rural,0,basic,0,4.5,43808,36,38,12.1,summer,2,0.1,0.514,MEDIUM,1
landscaping,3,280.6,2,suburban,1,basic,0,4.5,128636,52,38,1.9,spring,1,0.1,0.295,LOW,0
house,0,309.0,6,urban,2,basic,0,2.7,107716,69,28,1.4,autumn,3,0.3,0.311,LOW,1
house,0,177.7,7,urban,2,standard,1,4.7,76176,117,21,13.3,summer,2,0.1,0.262,LOW,0
landscaping,3,86.4,6,rural,0,premium,2,2.4,159482,95,5,13.7,spring,1,0.1,0.0,LOW,1
renovation,1,471.1,3,rural,0,premium,2,1.3,9065,104,25,10.7,winter,0,0.8,0.423,MEDIUM,1
commercial,2,252.9,2,urban,2,premium,2,3.5,165994,114,93,2.7,spring,1,0.1,0.287,LOW,0
landscaping,3,95.1,4,urban,2,premium,2,3.0,47254,83,5,7.3,spring,1,0.1,0.0,LOW,1
commercial,2,480.5,4,rural,0,basic,0,2.2,114274,40,44,9.2,winter,0,0.8,0.05,LOW,0
renovation,1,60.2,1,urban,2,standard,1,2.3,62684,9,7,7.5,autumn,3,0.3,0.142,LOW,1
renovation,1,355.2,3,rural,0,premium,2,4.9,137829,50,80,6.3,winter,0,0.8,0.771,HIGH,1
house,0,497.9,4,urban,2,standard,1,2.9,88827,36,50,6.5,summer,2,0.1,0.281,LOW,0
renovation,1,445.4,6,suburban,1,standard,1,4.7,197891,97,66,1.2,summer,2,0.1,0.373,MEDIUM,0
landscaping,3,375.2,6,rural,0,basic,0,1.9,24195,10,15,2.0,winter,0,0.8,0.977,HIGH,1
renovation,1,241.7,6,rural,0,basic,0,1.1,95845,94,5,8.0,autumn,3,0.3,0.079,LOW,1
house,0,352.5,5,rural,0,basic,0,2.6,41193,106,27,8.0,autumn,3,0.3,0.071,LOW,1
commercial,2,460.5,4,suburban,1,basic,0,1.5,51724,58,28,5.9,summer,2,0.1,0.0,LOW,0
renovation,1,183.8,5,rural,0,standard,1,1.6,138357,49,12,1.2,spring,1,0.1,0.249,LOW,1
house,0,427.8,5,rural,0,premium,2,1.4,142469,37,29,13.8,autumn,3,0.3,0.174,LOW,1
renovation,1,175.6,4,suburban,1,basic,0,4.6,159649,50,15,13.2,winter,0,0.8,0.15,LOW,0
landscaping,3,383.3,1,urban,2,standard,1,3.7,175283,31,53,9.5,winter,0,0.8,0.562,MEDIUM,1
landscaping,3,240.3,5,rural,0,basic,0,3.8,162463,98,20,2.6,autumn,3,0.3,0.081,LOW,0
renovation,1,80.4,5,suburban,1,standard,1,2.7,193721,9,6,3.0,spring,1,0.1,0.165,LOW,1
landscaping,3,77.2,5,urban,2,basic,0,4.4,143002,118,6,1.0,summer,2,0.1,0.453,MEDIUM,1
commercial,2,288.2,6,rural,0,standard,1,2.3,132590,45,29,10.4,spring,1,0.1,0.054,LOW,0
house,0,80.1,1,urban,2,premium,2,2.7,174613,75,21,12.0,winter,0,0.8,0.153,LOW,1
commercial,2,415.9,2,rural,0,basic,0,4.4,46083,113,150,3.5,autumn,3,0.3,0.533,MEDIUM,1
landscaping,3,460.3,6,suburban,1,basic,0,2.6,117500,99,18,4.8,summer,2,0.1,0.112,LOW,0
renovation,1,42.3,7,suburban,1,premium,2,2.8,65307,37,5,14.4,spring,1,0.1,0.016,LOW,1
renovation,1,131.9,6,urban,2,premium,2,3.2,51461,73,9,11.4,spring,1,0.1,0.052,LOW,0
house,0,332.0,7,suburban,1,premium,2,4.4,93393,9,53,9.4,autumn,3,0.3,0.726,HIGH,1
renovation,1,496.9,3,urban,2,standard,1,4.2,36188,117,50,9.8,autumn,3,0.3,0.435,MEDIUM,1
commercial,2,371.5,6,rural,0,premium,2,3.0,163110,103,89,3.8,autumn,3,0.3,0.133,LOW,0
renovation,1,129.8,3,rural,0,standard,1,3.3,131127,57,22,1.0,autumn,3,0.3,0.315,LOW,0
renovation,1,293.9,7,urban,2,basic,0,2.3,95437,92,13,2.7,winter,0,0.8,0.322,LOW,0
landscaping,3,441.4,6,rural,0,basic,0,3.2,9672,46,32,1.0,autumn,3,0.3,0.547,MEDIUM,1
house,0,192.9,2,suburban,1,premium,2,4.2,15503,39,52,8.7,autumn,3,0.3,0.702,HIGH,1
landscaping,3,288.1,1,urban,2,basic,0,3.5,155644,112,30,12.8,autumn,3,0.3,0.203,LOW,0
landscaping,3,113.3,2,rural,0,basic,0,4.6,14709,102,13,6.4,winter,0,0.8,0.282,LOW,1
landscaping,3,404.7,3,rural,0,basic,0,3.7,61410,68,36,4.8,summer,2,0.1,0.145,LOW,0
commercial,2,82.2,7,rural,0,premium,2,4.7,142884,28,21,14.9,winter,0,0.8,0.245,LOW,0
house,0,407.0,6,suburban,1,premium,2,4.3,176140,81,71,7.1,summer,2,0.1,0.229,LOW,1
renovation,1,183.9,3,urban,2,standard,1,1.9,117957,89,8,10.2,winter,0,0.8,0.073,LOW,0
landscaping,3,158.1,2,suburban,1,basic,0,1.9,176356,44,7,5.5,autumn,3,0.3,0.083,LOW,0
renovation,1,78.2,3,suburban,1,premium,2,1.4,119535,18,5,10.2,autumn,3,0.3,0.015,LOW,0
house,0,334.8,2,urban,2,basic,0,4.8,156854,79,76,4.1,autumn,3,0.3,0.266,LOW,0
commercial,2,94.9,7,urban,2,basic,0,4.2,46970,34,16,0.7,summer,2,0.1,0.326,LOW,0
landscaping,3,102.4,6,suburban,1,premium,2,2.6,189568,20,7,3.9,spring,1,0.1,0.129,LOW,0
house,0,434.6,5,urban,2,standard,1,2.8,58960,56,40,5.8,winter,0,0.8,0.156,LOW,0
commercial,2,494.4,2,rural,0,basic,0,1.7,87806,96,51,9.3,autumn,3,0.3,0.027,LOW,0
commercial,2,160.6,6,suburban,1,premium,2,3.1,122750,43,37,1.6,winter,0,0.8,0.423,MEDIUM,1
commercial,2,318.6,4,suburban,1,basic,0,1.2,181692,63,18,3.9,winter,0,0.8,0.268,LOW,0
renovation,1,176.3,6,rural,0,standard,1,4.7,170207,43,24,4.7,spring,1,0.1,0.296,LOW,0
house,0,402.5,5,urban,2,standard,1,3.6,195210,87,69,0.7,spring,1,0.1,0.34,LOW,0
renovation,1,195.4,4,suburban,1,standard,1,3.9,56630,64,17,14.9,summer,2,0.1,0.157,LOW,0
landscaping,3,238.1,2,suburban,1,basic,0,1.0,137185,100,5,5.3,winter,0,0.8,0.0,LOW,0
commercial,2,122.0,6,suburban,1,standard,1,2.3,78946,118,12,5.4,autumn,3,0.3,0.0,LOW,0
house,0,157.5,4,suburban,1,premium,2,1.9,39283,60,21,1.5,summer,2,0.1,0.167,LOW,0
landscaping,3,321.0,5,urban,2,standard,1,2.3,198448,80,10,14.1,winter,0,0.8,0.0,LOW,0
renovation,1,92.7,5,suburban,1,basic,0,1.5,11469,45,5,3.5,winter,0,0.8,0.274,LOW,0
landscaping,3,395.9,7,rural,0,standard,1,2.5,6522,39,16,9.1,winter,0,0.8,0.343,LOW,0
house,0,280.7,4,rural,0,standard,1,5.0,128382,85,58,11.6,winter,0,0.8,0.15,LOW,0
renovation,1,204.6,1,suburban,1,basic,0,1.7,159303,55,23,2.2,spring,1,0.1,0.295,LOW,0
house,0,467.1,4,suburban,1,standard,1,1.2,20216,20,19,11.2,spring,1,0.1,0.28,LOW,0
landscaping,3,212.9,3,suburban,1,standard,1,1.9,147085,98,10,4.7,autumn,3,0.3,0.183,LOW,0
house,0,167.4,6,suburban,1,basic,0,2.5,178141,80,11,6.4,winter,0,0.8,0.178,LOW,0
house,0,150.5,2,rural,0,premium,2,3.8,101744,25,44,14.3,summer,2,0.1,0.451,MEDIUM,1
landscaping,3,174.7,7,urban,2,standard,1,3.5,182530,104,7,13.4,summer,2,0.1,0.076,LOW,0
landscaping,3,344.7,2,urban,2,premium,2,3.5,137537,28,34,12.9,autumn,3,0.3,0.305,LOW,0
landscaping,3,35.8,7,suburban,1,premium,2,1.8,6619,85,5,13.5,spring,1,0.1,0.203,LOW,1
commercial,2,33.9,7,rural,0,standard,1,1.8,159064,100,5,8.9,spring,1,0.1,0.1,LOW,0
landscaping,3,53.1,1,suburban,1,standard,1,4.9,177067,50,15,3.1,winter,0,0.8,0.468,MEDIUM,1
renovation,1,222.1,2,suburban,1,standard,1,4.2,34280,30,37,5.2,autumn,3,0.3,0.348,LOW,0
renovation,1,249.5,1,urban,2,basic,0,1.6,159040,47,26,1.3,summer,2,0.1,0.393,MEDIUM,1
renovation,1,136.1,1,rural,0,premium,2,2.3,109739,58,30,6.2,spring,1,0.1,0.157,LOW,0
renovation,1,254.3,2,rural,0,basic,0,4.1,70779,26,52,1.2,winter,0,0.8,0.852,HIGH,1
commercial,2,101.7,1,urban,2,basic,0,2.4,59903,110,18,14.3,autumn,3,0.3,0.2,LOW,1
commercial,2,296.9,1,suburban,1,basic,0,4.0,17465,41,99,10.6,spring,1,0.1,0.935,HIGH,1
house,0,36.9,2,urban,2,standard,1,3.3,102647,12,5,8.5,summer,2,0.1,0.05,LOW,0
renovation,1,417.3,4,suburban,1,standard,1,4.8,55858,96,47,14.4,spring,1,0.1,0.184,LOW,0
commercial,2,90.3,5,rural,0,basic,0,3.3,148732,75,11,8.3,autumn,3,0.3,0.026,LOW,0
landscaping,3,278.2,1,rural,0,standard,1,2.2,110403,85,48,1.5,summer,2,0.1,0.219,LOW,0
renovation,1,486.4,5,rural,0,premium,2,1.5,115234,82,33,3.6,summer,2,0.1,0.254,LOW,0
commercial,2,77.5,3,suburban,1,standard,1,4.4,144425,24,19,5.8,spring,1,0.1,0.256,LOW,0
landscaping,3,100.7,5,suburban,1,premium,2,2.1,116259,16,5,7.2,winter,0,0.8,0.149,LOW,0
landscaping,3,333.6,7,rural,0,basic,0,1.2,177873,16,8,0.7,winter,0,0.8,0.294,LOW,0
commercial,2,206.5,2,rural,0,standard,1,2.2,56719,82,34,9.4,spring,1,0.1,0.093,LOW,0
landscaping,3,86.9,2,suburban,1,basic,0,3.3,166123,107,5,10.6,summer,2,0.1,0.022,LOW,1
house,0,397.4,6,urban,2,premium,2,3.3,159285,65,66,2.7,spring,1,0.1,0.155,LOW,0
renovation,1,229.7,3,suburban,1,basic,0,4.9,185687,62,23,9.8,winter,0,0.8,0.286,LOW,0
house,0,309.5,1,urban,2,standard,1,1.5,112509,90,37,7.1,winter,0,0.8,0.122,LOW,0
landscaping,3,433.8,1,rural,0,standard,1,3.7,73142,47,87,6.7,summer,2,0.1,0.471,MEDIUM,1
house,0,403.9,7,urban,2,standard,1,4.4,47851,42,47,7.1,autumn,3,0.3,0.435,MEDIUM,1
renovation,1,268.2,2,urban,2,standard,1,1.9,159616,62,20,3.5,summer,2,0.1,0.077,LOW,0
landscaping,3,64.9,2,suburban,1,basic,0,2.2,127192,20,5,11.6,summer,2,0.1,0.078,LOW,1
commercial,2,37.8,5,suburban,1,standard,1,3.6,78273,61,7,3.8,autumn,3,0.3,0.174,LOW,0
house,0,67.6,2,rural,0,premium,2,2.3,197965,59,13,5.7,autumn,3,0.3,0.178,LOW,0
landscaping,3,63.6,5,suburban,1,standard,1,2.7,122794,60,5,5.5,spring,1,0.1,0.003,LOW,1
landscaping,3,158.1,5,urban,2,standard,1,3.4,7468,100,9,5.2,spring,1,0.1,0.257,LOW,0
house,0,478.7,5,rural,0,basic,0,1.2,66114,83,20,6.2,summer,2,0.1,0.0,LOW,0
landscaping,3,429.2,4,urban,2,standard,1,1.4,20343,11,9,9.4,winter,0,0.8,0.355,MEDIUM,0
landscaping,3,225.1,5,rural,0,basic,0,3.4,137575,94,19,0.8,autumn,3,0.3,0.327,LOW,0
commercial,2,276.9,7,suburban,1,basic,0,3.6,124559,60,28,9.7,autumn,3,0.3,0.146,LOW,0
renovation,1,168.1,3,rural,0,basic,0,4.1,53498,59,17,10.3,autumn,3,0.3,0.237,LOW,0
commercial,2,452.9,6,urban,2,standard,1,1.2,118394,84,18,10.1,winter,0,0.8,0.09,LOW,0
commercial,2,176.1,7,urban,2,standard,1,1.6,77018,19,9,8.4,autumn,3,0.3,0.058,LOW,0
landscaping,3,406.9,1,rural,0,basic,0,2.5,169182,60,56,3.6,winter,0,0.8,0.233,LOW,0
renovation,1,389.6,5,suburban,1,standard,1,3.9,176886,48,36,6.2,autumn,3,0.3,0.0,LOW,0
house,0,262.8,7,urban,2,premium,2,3.8,90494,66,33,9.9,summer,2,0.1,0.154,LOW,0
landscaping,3,211.0,4,rural,0,standard,1,4.3,92977,23,19,9.2,spring,1,0.1,0.247,LOW,0
house,0,101.4,3,rural,0,standard,1,1.1,55908,95,5,10.7,autumn,3,0.3,0.127,LOW,0
house,0,418.4,5,urban,2,premium,2,1.6,127932,114,25,9.8,summer,2,0.1,0.073,LOW,0
landscaping,3,227.2,4,urban,2,standard,1,2.0,74959,7,7,9.2,summer,2,0.1,0.0,LOW,0
landscaping,3,181.4,5,urban,2,basic,0,2.1,23651,43,6,3.6,summer,2,0.1,0.154,LOW,1
house,0,223.6,1,suburban,1,basic,0,3.3,195523,74,49,11.6,winter,0,0.8,0.328,LOW,0
renovation,1,223.2,2,suburban,1,standard,1,1.8,140212,110,13,9.0,spring,1,0.1,0.0,LOW,0
commercial,2,58.7,4,rural,0,basic,0,2.2,50548,57,5,13.9,summer,2,0.1,0.011,LOW,0
commercial,2,218.6,3,suburban,1,premium,2,3.4,135436,102,48,8.3,summer,2,0.1,0.196,LOW,0
house,0,435.3,5,suburban,1,standard,1,2.3,25089,59,32,9.2,winter,0,0.8,0.342,LOW,0
renovation,1,435.8,2,urban,2,basic,0,4.0,62398,116,41,13.3,winter,0,0.8,0.263,LOW,0
renovation,1,90.2,7,urban,2,standard,1,2.6,46032,117,5,5.9,summer,2,0.1,0.129,LOW,0
commercial,2,383.3,7,suburban,1,premium,2,2.7,120348,98,48,14.8,summer,2,0.1,0.122,LOW,0
house,0,85.6,7,urban,2,premium,2,1.6,168010,64,5,4.6,summer,2,0.1,0.257,LOW,0
renovation,1,383.5,1,rural,0,basic,0,3.9,32473,49,113,3.1,summer,2,0.1,0.969,HIGH,1
commercial,2,244.8,6,suburban,1,standard,1,2.6,66723,13,24,10.1,summer,2,0.1,0.42,MEDIUM,0
renovation,1,83.0,3,rural,0,basic,0,1.2,107387,96,5,12.6,spring,1,0.1,0.033,LOW,0
renovation,1,39.7,1,rural,0,premium,2,3.8,185607,73,19,2.3,winter,0,0.8,0.324,LOW,0
landscaping,3,132.5,3,suburban,1,basic,0,3.2,138563,111,8,4.3,winter,0,0.8,0.224,LOW,0
renovation,1,306.7,3,rural,0,standard,1,1.3,6099,13,13,8.9,summer,2,0.1,0.258,LOW,0
commercial,2,450.5,2,urban,2,standard,1,3.1,23480,77,109,3.0,spring,1,0.1,0.584,MEDIUM,0
landscaping,3,94.4,4,urban,2,premium,2,4.2,146730,106,8,12.6,summer,2,0.1,0.185,LOW,1
renovation,1,130.3,1,urban,2,standard,1,1.6,126009,99,10,8.4,winter,0,0.8,0.167,LOW,0
house,0,488.1,4,rural,0,basic,0,4.7,63318,104,78,12.4,spring,1,0.1,0.277,LOW,0
renovation,1,415.7,6,suburban,1,basic,0,2.9,86781,112,19,13.9,spring,1,0.1,0.062,LOW,0
renovation,1,349.6,7,rural,0,standard,1,3.5,5023,27,28,8.4,winter,0,0.8,0.49,MEDIUM,0
house,0,492.5,3,rural,0,standard,1,3.8,106614,115,126,3.0,autumn,3,0.3,0.238,LOW,1
house,0,224.4,3,rural,0,basic,0,4.0,58724,33,34,10.3,winter,0,0.8,0.117,LOW,0
house,0,57.3,5,suburban,1,basic,0,4.0,154188,60,5,12.5,summer,2,0.1,0.007,LOW,0
house,0,256.2,6,rural,0,standard,1,4.0,124241,93,46,4.8,winter,0,0.8,0.241,LOW,0
house,0,77.5,5,rural,0,premium,2,4.9,78349,12,19,7.9,spring,1,0.1,0.539,MEDIUM,1
renovation,1,98.0,4,rural,0,premium,2,4.4,199807,116,15,11.6,summer,2,0.1,0.115,LOW,0
house,0,82.1,7,rural,0,basic,0,4.8,20220,115,11,6.6,summer,2,0.1,0.17,LOW,0
commercial,2,461.9,2,suburban,1,basic,0,4.8,94393,80,148,4.0,spring,1,0.1,0.738,HIGH,1
house,0,486.5,3,rural,0,premium,2,2.8,59306,7,123,2.7,winter,0,0.8,0.626,HIGH,1
renovation,1,282.7,6,urban,2,basic,0,1.9,85102,98,11,2.3,summer,2,0.1,0.079,LOW,0
renovation,1,295.8,7,urban,2,basic,0,3.5,96273,24,17,5.3,winter,0,0.8,0.272,LOW,0
renovation,1,218.3,4,urban,2,premium,2,2.6,147333,27,15,9.0,autumn,3,0.3,0.113,LOW,0
commercial,2,444.5,1,urban,2,premium,2,1.7,193276,49,98,6.8,spring,1,0.1,0.585,MEDIUM,1
landscaping,3,286.9,2,urban,2,basic,0,2.2,102808,116,11,8.5,spring,1,0.1,0.008,LOW,0
commercial,2,69.5,2,suburban,1,standard,1,1.3,151460,68,5,11.9,spring,1,0.1,0.042,LOW,0
renovation,1,108.7,6,suburban,1,basic,0,2.9,87940,56,5,13.1,summer,2,0.1,0.0,LOW,0
house,0,189.1,7,suburban,1,basic,0,2.1,12600,15,8,13.0,spring,1,0.1,0.329,LOW,0
landscaping,3,412.2,6,suburban,1,premium,2,2.3,116975,15,18,14.9,summer,2,0.1,0.183,LOW,1
house,0,264.9,4,rural,0,standard,1,2.5,108773,12,28,7.8,autumn,3,0.3,0.504,MEDIUM,0
house,0,230.4,2,suburban,1,standard,1,2.0,124582,52,24,6.9,autumn,3,0.3,0.034,LOW,0
commercial,2,406.3,1,urban,2,standard,1,4.5,159267,34,208,5.4,spring,1,0.1,0.692,HIGH,1
landscaping,3,367.3,3,suburban,1,standard,1,3.5,17660,78,32,4.6,spring,1,0.1,0.367,MEDIUM,1
house,0,38.6,6,suburban,1,premium,2,1.8,26544,57,5,8.2,summer,2,0.1,0.003,LOW,1
renovation,1,70.1,4,rural,0,premium,2,1.1,28174,114,5,4.7,autumn,3,0.3,0.164,LOW,0
house,0,487.4,2,suburban,1,standard,1,3.3,109080,85,131,0.6,winter,0,0.8,0.636,HIGH,1
house,0,417.2,2,rural,0,standard,1,3.6,31591,93,96,6.7,autumn,3,0.3,0.376,MEDIUM,1
house,0,141.7,1,urban,2,basic,0,1.5,174289,118,15,5.2,winter,0,0.8,0.276,LOW,0
commercial,2,59.4,1,rural,0,standard,1,1.2,62187,37,12,3.2,spring,1,0.1,0.212,LOW,0
landscaping,3,462.8,1,rural,0,basic,0,1.3,74329,72,40,0.6,autumn,3,0.3,0.323,LOW,0
landscaping,3,457.1,3,suburban,1,premium,2,4.3,26761,39,58,6.1,summer,2,0.1,0.948,HIGH,1
landscaping,3,355.7,4,suburban,1,standard,1,5.0,99039,15,31,14.6,autumn,3,0.3,0.483,MEDIUM,1
landscaping,3,203.3,2,urban,2,standard,1,1.9,175982,73,8,14.5,spring,1,0.1,0.0,LOW,0
landscaping,3,295.8,5,rural,0,basic,0,4.4,85873,114,20,14.4,summer,2,0.1,0.188,LOW,1
landscaping,3,283.8,7,suburban,1,basic,0,2.0,114905,37,6,13.1,spring,1,0.1,0.151,LOW,0
house,0,288.0,6,rural,0,premium,2,2.7,54796,40,55,2.1,winter,0,0.8,0.466,MEDIUM,0
house,0,253.5,7,suburban,1,premium,2,1.4,13261,23,13,11.4,winter,0,0.8,0.403,MEDIUM,1
renovation,1,244.4,4,suburban,1,premium,2,2.7,130018,70,23,5.8,summer,2,0.1,0.002,LOW,1
renovation,1,112.2,1,suburban,1,premium,2,3.2,196359,52,38,2.7,winter,0,0.8,0.465,MEDIUM,1
house,0,184.8,6,urban,2,premium,2,1.2,119417,117,8,6.1,autumn,3,0.3,0.029,LOW,0
landscaping,3,226.4,2,rural,0,standard,1,2.2,42894,111,16,5.7,autumn,3,0.3,0.05,LOW,0
landscaping,3,293.4,4,urban,2,standard,1,3.0,57406,119,19,3.1,summer,2,0.1,0.169,LOW,1
house,0,323.9,2,rural,0,standard,1,2.1,140078,78,40,14.2,winter,0,0.8,0.035,LOW,0
landscaping,3,257.5,7,suburban,1,standard,1,2.2,165600,20,9,5.5,autumn,3,0.3,0.174,LOW,0
landscaping,3,218.6,4,suburban,1,basic,0,2.0,195247,97,9,2.0,winter,0,0.8,0.261,LOW,1
renovation,1,107.1,5,urban,2,premium,2,2.8,44940,72,7,12.5,summer,2,0.1,0.113,LOW,0
renovation,1,295.8,1,suburban,1,standard,1,2.5,182263,77,42,14.2,spring,1,0.1,0.016,LOW,0
commercial,2,191.9,6,urban,2,standard,1,2.7,118449,19,17,8.7,autumn,3,0.3,0.0,LOW,0
house,0,351.9,7,urban,2,premium,2,3.6,13462,72,42,13.7,autumn,3,0.3,0.43,MEDIUM,1
landscaping,3,110.3,7,suburban,1,premium,2,3.3,142151,29,6,12.8,spring,1,0.1,0.135,LOW,0
house,0,42.8,5,suburban,1,standard,1,3.6,199035,76,5,5.6,autumn,3,0.3,0.142,LOW,0
landscaping,3,246.8,5,urban,2,premium,2,2.1,79497,33,14,2.1,summer,2,0.1,0.205,LOW,1
commercial,2,317.1,7,suburban,1,basic,0,3.7,185291,105,53,1.2,winter,0,0.8,0.28,LOW,0
house,0,143.5,2,rural,0,standard,1,2.9,108393,12,24,13.8,summer,2,0.1,0.338,LOW,0
house,0,308.8,7,urban,2,standard,1,1.8,111129,70,23,1.2,autumn,3,0.3,0.259,LOW,0
house,0,294.0,5,suburban,1,standard,1,3.2,133769,19,34,6.1,summer,2,0.1,0.528,MEDIUM,0
landscaping,3,375.1,5,suburban,1,basic,0,3.5,112925,75,17,7.3,spring,1,0.1,0.0,LOW,0
renovation,1,82.5,2,rural,0,premium,2,4.7,70527,60,26,3.9,summer,2,0.1,0.397,MEDIUM,1
house,0,480.7,3,urban,2,basic,0,2.2,76249,117,30,8.7,summer,2,0.1,0.022,LOW,1
house,0,498.1,2,suburban,1,basic,0,1.6,149807,87,52,0.6,winter,0,0.8,0.282,LOW,0
commercial,2,417.7,2,rural,0,standard,1,1.9,110665,36,59,9.9,autumn,3,0.3,0.511,MEDIUM,0
landscaping,3,131.8,1,suburban,1,basic,0,1.8,185668,12,7,7.6,autumn,3,0.3,0.072,LOW,0
house,0,472.1,7,suburban,1,standard,1,2.4,88246,78,49,2.2,autumn,3,0.3,0.254,LOW,0
commercial,2,212.4,1,urban,2,basic,0,2.6,144638,18,52,5.0,autumn,3,0.3,0.6,HIGH,1
house,0,313.5,2,urban,2,premium,2,4.3,9809,48,83,6.8,spring,1,0.1,0.889,HIGH,1
commercial,2,157.8,4,suburban,1,premium,2,4.9,192644,79,44,8.2,summer,2,0.1,0.112,LOW,0
renovation,1,217.4,5,urban,2,standard,1,3.7,70535,118,23,2.3,summer,2,0.1,0.115,LOW,0
landscaping,3,178.3,7,rural,0,standard,1,2.4,62228,44,7,13.5,winter,0,0.8,0.197,LOW,0
renovation,1,475.4,7,suburban,1,standard,1,1.7,150620,25,22,3.3,winter,0,0.8,0.167,LOW,0
commercial,2,146.8,3,urban,2,standard,1,1.1,149037,18,7,14.8,spring,1,0.1,0.0,LOW,0
house,0,485.6,7,urban,2,premium,2,3.4,143877,29,55,14.0,winter,0,0.8,0.65,HIGH,1
commercial,2,97.4,6,suburban,1,basic,0,4.4,155452,83,14,5.9,autumn,3,0.3,0.169,LOW,0
landscaping,3,407.0,5,rural,0,standard,1,2.6,61845,92,21,6.9,winter,0,0.8,0.169,LOW,1
commercial,2,329.9,6,urban,2,standard,1,2.3,47887,119,29,6.0,autumn,3,0.3,0.098,LOW,0
commercial,2,297.9,1,rural,0,standard,1,1.9,109604,67,93,3.9,autumn,3,0.3,0.382,MEDIUM,1
commercial,2,113.3,5,urban,2,premium,2,4.7,104981,91,35,3.2,autumn,3,0.3,0.357,MEDIUM,1
renovation,1,78.6,2,rural,0,premium,2,1.5,90273,24,6,8.7,spring,1,0.1,0.096,LOW,0
landscaping,3,298.6,5,rural,0,premium,2,2.4,69178,44,17,7.7,autumn,3,0.3,0.039,LOW,0
commercial,2,481.6,7,urban,2,premium,2,3.7,132118,112,74,13.0,autumn,3,0.3,0.163,LOW,0
house,0,432.5,5,urban,2,basic,0,4.7,64699,104,46,12.6,summer,2,0.1,0.169,LOW,0
landscaping,3,349.3,2,rural,0,basic,0,4.3,113220,104,49,3.4,spring,1,0.1,0.246,LOW,0
commercial,2,453.6,5,suburban,1,standard,1,4.7,171573,87,141,0.8,summer,2,0.1,0.805,HIGH,1
house,0,46.7,7,urban,2,basic,0,4.2,120315,97,5,7.4,autumn,3,0.3,0.211,LOW,1
commercial,2,45.1,5,suburban,1,premium,2,3.6,148820,110,8,9.6,spring,1,0.1,0.128,LOW,0
commercial,2,399.4,1,urban,2,premium,2,3.5,94292,21,170,12.2,spring,1,0.1,0.546,MEDIUM,1
landscaping,3,472.0,1,rural,0,basic,0,1.3,36340,112,39,1.7,spring,1,0.1,0.409,MEDIUM,1
renovation,1,440.1,4,rural,0,basic,0,1.7,127249,72,27,1.4,summer,2,0.1,0.176,LOW,0
landscaping,3,447.8,5,suburban,1,premium,2,3.9,112443,23,36,7.5,autumn,3,0.3,0.439,MEDIUM,0
landscaping,3,494.4,7,urban,2,basic,0,3.4,138941,71,22,4.4,spring,1,0.1,0.179,LOW,0
renovation,1,444.9,4,suburban,1,basic,0,2.4,190538,32,27,3.6,winter,0,0.8,0.087,LOW,0
commercial,2,461.1,2,suburban,1,premium,2,3.9,104655,75,145,13.2,spring,1,0.1,0.561,MEDIUM,1
house,0,133.5,2,urban,2,standard,1,2.1,144362,16,14,5.5,winter,0,0.8,0.135,LOW,0
house,0,184.4,6,rural,0,standard,1,1.8,181051,14,12,8.0,summer,2,0.1,0.0,LOW,1
house,0,187.5,2,suburban,1,standard,1,2.2,154973,51,23,6.0,winter,0,0.8,0.13,LOW,1
landscaping,3,384.8,7,urban,2,basic,0,2.6,117365,112,10,12.1,spring,1,0.1,0.09,LOW,0
house,0,149.2,3,urban,2,premium,2,1.7,87033,109,11,10.7,winter,0,0.8,0.139,LOW,0
commercial,2,167.3,3,suburban,1,basic,0,1.1,17617,117,7,11.4,spring,1,0.1,0.042,LOW,0
house,0,279.1,4,suburban,1,standard,1,1.9,91282,52,19,7.3,autumn,3,0.3,0.13,LOW,0
renovation,1,211.9,1,suburban,1,basic,0,1.1,22928,42,10,8.8,spring,1,0.1,0.048,LOW,0
house,0,46.1,3,rural,0,basic,0,3.5,23276,54,9,2.1,summer,2,0.1,0.103,LOW,0
landscaping,3,143.3,3,suburban,1,standard,1,4.8,91614,56,17,4.4,winter,0,0.8,0.319,LOW,0
landscaping,3,206.7,4,urban,2,standard,1,4.1,163899,21,13,10.8,winter,0,0.8,0.175,LOW,0
commercial,2,107.2,4,urban,2,standard,1,3.6,113088,72,15,8.5,autumn,3,0.3,0.139,LOW,0
renovation,1,308.5,2,suburban,1,basic,0,4.4,42895,90,36,11.1,summer,2,0.1,0.169,LOW,0
landscaping,3,249.5,3,urban,2,standard,1,4.9,194891,74,24,6.5,summer,2,0.1,0.109,LOW,0
house,0,433.0,1,urban,2,premium,2,3.8,28839,106,206,4.6,winter,0,0.8,1.0,HIGH,1
house,0,69.1,5,urban,2,premium,2,2.7,30575,48,7,14.8,spring,1,0.1,0.0,LOW,1
commercial,2,213.5,5,urban,2,standard,1,4.3,64316,12,33,13.2,summer,2,0.1,0.471,MEDIUM,1
commercial,2,133.0,3,urban,2,basic,0,3.9,30601,7,18,13.0,spring,1,0.1,0.38,MEDIUM,1
landscaping,3,283.0,2,suburban,1,basic,0,3.9,179882,33,24,6.3,autumn,3,0.3,0.018,LOW,0
commercial,2,72.7,2,suburban,1,basic,0,1.3,74501,92,5,5.1,spring,1,0.1,0.007,LOW,1
commercial,2,478.3,7,rural,0,basic,0,2.8,190885,81,51,6.2,autumn,3,0.3,0.124,LOW,0
commercial,2,164.2,7,urban,2,standard,1,3.6,120526,46,19,7.5,winter,0,0.8,0.274,LOW,0
commercial,2,102.3,7,rural,0,standard,1,2.7,155915,84,14,4.8,autumn,3,0.3,0.084,LOW,1
landscaping,3,109.8,3,suburban,1,premium,2,1.1,182233,73,5,6.6,autumn,3,0.3,0.164,LOW,1
house,0,244.7,6,rural,0,premium,2,3.7,123172,99,68,1.3,summer,2,0.1,0.398,MEDIUM,0
house,0,123.2,1,suburban,1,standard,1,4.6,43795,39,70,2.6,summer,2,0.1,0.736,HIGH,1
landscaping,3,351.4,2,urban,2,basic,0,2.2,177721,62,14,13.4,winter,0,0.8,0.045,LOW,0
renovation,1,260.0,4,urban,2,standard,1,4.3,198099,27,38,0.8,spring,1,0.1,0.467,MEDIUM,1
house,0,170.2,4,suburban,1,basic,0,3.4,93517,78,16,10.3,summer,2,0.1,0.082,LOW,0
commercial,2,440.0,6,urban,2,basic,0,3.2,9281,101,38,10.1,winter,0,0.8,0.412,MEDIUM,1
renovation,1,383.4,2,rural,0,premium,2,2.1,48274,17,40,7.9,spring,1,0.1,0.455,MEDIUM,1
landscaping,3,292.0,2,suburban,1,standard,1,1.7,74287,114,12,9.8,autumn,3,0.3,0.034,LOW,0
renovation,1,241.3,5,suburban,1,basic,0,1.0,114193,79,5,8.4,summer,2,0.1,0.021,LOW,0
commercial,2,209.4,7,rural,0,basic,0,1.3,155697,55,13,3.1,autumn,3,0.3,0.083,LOW,0
commercial,2,273.7,4,rural,0,standard,1,2.8,60557,107,40,13.0,autumn,3,0.3,0.0,LOW,0
renovation,1,72.3,1,rural,0,basic,0,4.2,125023,96,18,5.9,spring,1,0.1,0.338,LOW,0
house,0,178.2,3,suburban,1,basic,0,3.8,15188,45,21,7.9,summer,2,0.1,0.368,MEDIUM,0
renovation,1,299.4,5,rural,0,standard,1,2.9,99881,85,22,7.6,autumn,3,0.3,0.0,LOW,0
commercial,2,109.2,2,rural,0,basic,0,2.9,101707,55,22,5.4,summer,2,0.1,0.0,LOW,0
renovation,1,64.3,4,urban,2,basic,0,4.0,102384,29,5,11.5,winter,0,0.8,0.083,LOW,1
landscaping,3,490.2,7,suburban,1,premium,2,4.2,85533,116,38,13.5,autumn,3,0.3,0.242,LOW,0
house,0,137.2,3,rural,0,premium,2,4.1,66291,88,54,2.0,spring,1,0.1,0.339,LOW,1
renovation,1,217.5,4,suburban,1,standard,1,4.8,191060,37,33,3.7,autumn,3,0.3,0.324,LOW,0
landscaping,3,76.8,1,rural,0,standard,1,2.3,191523,41,12,3.5,spring,1,0.1,0.137,LOW,0
renovation,1,93.7,7,suburban,1,premium,2,1.7,174878,40,5,11.9,spring,1,0.1,0.12,LOW,0
landscaping,3,471.0,7,rural,0,standard,1,2.3,198599,70,18,13.0,spring,1,0.1,0.0,LOW,0
house,0,301.3,2,suburban,1,standard,1,2.0,50736,48,29,8.8,spring,1,0.1,0.0,LOW,1
landscaping,3,116.5,7,rural,0,standard,1,4.3,156028,59,13,1.3,autumn,3,0.3,0.526,MEDIUM,1
house,0,260.4,5,rural,0,standard,1,3.0,10235,82,41,3.3,spring,1,0.1,0.374,MEDIUM,1
commercial,2,391.1,4,urban,2,standard,1,2.0,56323,83,33,6.4,spring,1,0.1,0.024,LOW,0
landscaping,3,357.7,3,urban,2,standard,1,1.9,54850,24,15,4.6,summer,2,0.1,0.062,LOW,0
house,0,363.3,5,rural,0,premium,2,4.7,152538,119,113,4.1,winter,0,0.8,0.331,LOW,0
house,0,388.2,7,suburban,1,basic,0,4.4,193152,20,39,14.7,autumn,3,0.3,0.649,HIGH,1
commercial,2,429.8,6,urban,2,premium,2,1.1,121361,15,32,2.3,winter,0,0.8,0.609,HIGH,1
house,0,157.6,3,suburban,1,premium,2,3.1,58243,54,42,0.6,autumn,3,0.3,0.293,LOW,0
commercial,2,306.8,6,suburban,1,premium,2,4.3,28843,57,64,10.0,summer,2,0.1,0.584,MEDIUM,0
renovation,1,146.2,5,urban,2,basic,0,4.8,46312,117,14,4.0,spring,1,0.1,0.258,LOW,0
commercial,2,46.3,7,rural,0,premium,2,1.0,164280,93,5,10.5,autumn,3,0.3,0.229,LOW,0
commercial,2,323.5,3,suburban,1,basic,0,4.3,95393,9,83,2.4,winter,0,0.8,0.732,HIGH,1
commercial,2,161.2,7,urban,2,premium,2,2.7,30548,64,27,2.3,autumn,3,0.3,0.157,LOW,1
renovation,1,463.3,5,suburban,1,basic,0,3.3,197077,91,26,9.2,summer,2,0.1,0.0,LOW,0
house,0,163.0,2,rural,0,standard,1,3.1,84612,49,30,11.4,summer,2,0.1,0.143,LOW,1
commercial,2,149.3,5,suburban,1,standard,1,3.0,7783,65,18,9.5,summer,2,0.1,0.302,LOW,0
commercial,2,175.4,1,urban,2,standard,1,3.6,107866,115,94,1.5,autumn,3,0.3,0.383,MEDIUM,1
renovation,1,345.9,6,suburban,1,premium,2,2.7,32190,12,23,10.0,autumn,3,0.3,0.501,MEDIUM,0
renovation,1,461.9,4,urban,2,premium,2,2.8,12524,90,35,10.4,autumn,3,0.3,0.383,MEDIUM,1
house,0,167.3,4,rural,0,basic,0,3.2,140825,93,20,5.9,winter,0,0.8,0.085,LOW,0
renovation,1,105.2,5,rural,0,basic,0,4.3,125626,35,9,10.7,autumn,3,0.3,0.17,LOW,0
commercial,2,272.7,3,rural,0,premium,2,4.4,50009,68,94,8.9,autumn,3,0.3,0.37,MEDIUM,0
landscaping,3,81.0,1,rural,0,standard,1,4.0,161911,59,16,13.9,winter,0,0.8,0.219,LOW,0
landscaping,3,52.5,1,suburban,1,premium,2,4.0,127085,108,16,3.2,autumn,3,0.3,0.238,LOW,0
landscaping,3,420.8,6,suburban,1,basic,0,1.1,131813,31,8,1.5,spring,1,0.1,0.306,LOW,0
house,0,116.2,3,suburban,1,basic,0,3.5,60756,88,12,11.8,spring,1,0.1,0.009,LOW,1
commercial,2,197.9,6,rural,0,basic,0,2.0,183938,38,13,14.4,summer,2,0.1,0.0,LOW,0
renovation,1,429.8,7,urban,2,basic,0,4.0,194304,59,23,10.9,spring,1,0.1,0.125,LOW,1
landscaping,3,378.5,1,rural,0,basic,0,3.6,73390,29,63,5.7,autumn,3,0.3,0.637,HIGH,1
house,0,488.1,4,suburban,1,basic,0,4.1,145932,74,56,10.0,summer,2,0.1,0.197,LOW,0
house,0,42.7,3,suburban,1,standard,1,3.2,154244,74,5,11.5,winter,0,0.8,0.16,LOW,0
commercial,2,315.9,5,rural,0,basic,0,1.0,44043,80,14,6.3,winter,0,0.8,0.001,LOW,1
landscaping,3,288.6,7,urban,2,premium,2,2.5,6869,53,17,2.4,autumn,3,0.3,0.512,MEDIUM,1
landscaping,3,44.5,6,urban,2,standard,1,1.8,75442,73,5,6.7,winter,0,0.8,0.163,LOW,0
commercial,2,217.5,4,rural,0,premium,2,4.6,103049,73,69,10.0,autumn,3,0.3,0.227,LOW,0
commercial,2,460.6,6,urban,2,premium,2,4.8,146299,82,97,14.7,spring,1,0.1,0.476,MEDIUM,1
renovation,1,149.5,6,rural,0,premium,2,2.3,25283,29,10,14.2,summer,2,0.1,0.0,LOW,1
commercial,2,100.2,6,rural,0,premium,2,3.3,39468,89,26,3.6,winter,0,0.8,0.297,LOW,0
landscaping,3,339.0,1,rural,0,standard,1,2.9,123102,112,53,6.6,summer,2,0.1,0.173,LOW,1
renovation,1,145.1,1,rural,0,standard,1,4.1,61322,65,57,2.8,winter,0,0.8,0.333,LOW,0
house,0,233.1,2,rural,0,basic,0,3.5,19356,73,46,5.4,autumn,3,0.3,0.246,LOW,0
landscaping,3,458.3,6,suburban,1,premium,2,3.7,56743,51,33,8.5,spring,1,0.1,0.15,LOW,0
house,0,294.2,5,suburban,1,standard,1,4.3,84172,56,40,12.7,autumn,3,0.3,0.109,LOW,1
commercial,2,241.3,7,urban,2,premium,2,4.0,176657,94,57,3.1,spring,1,0.1,0.349,LOW,0
